client_id,emp_var_rate,cons_price_idx,euribor_three_months,number_employed
1,-1,94,3,5366
2,0,92,1,5660
3,2,93,0,5082
4,-2,92,0,5779
5,2,93,0,5341
6,0,94,3,5728
7,-3,92,3,5312
8,-3,93,0,5184
9,-3,94,4,5842
10,1,93,1,5719
11,0,92,2,5335
12,-3,93,0,5102
13,1,94,0,5415
14,-1,94,2,5226
15,-2,93,0,5814
16,-3,92,3,5432
17,-3,94,1,5121
18,1,94,0,5151
19,-3,92,2,5259
20,2,93,4,5605
21,2,93,1,5535
22,2,93,2,5488
23,0,94,2,5027
24,2,93,3,5925
25,0,93,0,5874
26,-2,93,1,5597
27,0,93,3,5681
28,2,94,1,5669
29,-1,94,4,5007
30,-2,94,1,5483
31,1,93,3,5260
32,0,92,3,5177
33,2,92,1,5947
34,1,92,2,5964
35,-1,92,2,5142
36,2,92,2,5857
37,1,93,4,5244
38,-1,94,3,5814
39,-3,92,3,5572
40,-2,93,0,5229
41,-2,94,2,5907
42,0,94,2,5439
43,-1,94,3,5745
44,-3,94,0,5167
45,-2,93,4,5697
46,1,92,4,5040
47,-3,92,3,5994
48,0,93,0,5470
49,1,93,2,5513
50,-3,92,2,5009
51,-2,92,4,5748
52,-2,93,0,5583
53,0,94,2,5582
54,2,93,1,5155
55,1,92,1,5767
56,1,94,3,5718
57,-3,92,0,5373
58,-2,93,0,5175
59,1,93,0,5935
60,-2,93,1,5418
61,-2,92,2,5075
62,-2,93,2,5315
63,0,94,3,5120
64,-3,94,3,5345
65,-2,94,2,5412
66,0,93,0,5319
67,-1,92,2,5761
68,-1,92,3,5685
69,2,92,2,5430
70,-3,94,1,5900
71,-3,92,0,5622
72,-2,94,1,5917
73,0,93,0,5904
74,-2,94,1,5965
75,-1,93,2,5817
76,-1,93,0,5330
77,-3,92,0,5272
78,-2,94,1,5753
79,1,94,4,5370
80,2,93,4,5073
81,-1,94,3,5244
82,-2,93,1,5357
83,2,93,0,5069
84,-3,94,3,5073
85,-3,93,0,5219
86,2,92,3,5085
87,-3,94,4,5954
88,-3,92,4,5477
89,-3,93,2,5177
90,-3,94,1,5822
91,-3,94,4,5184
92,-1,94,1,5174
93,-3,92,3,5046
94,-1,94,2,5948
95,-1,92,4,5418
96,-3,94,1,5973
97,0,94,4,5436
98,-3,93,2,5530
99,-2,92,1,5540
100,2,92,1,5316
101,2,92,1,5436
102,-1,94,2,5261
103,-2,94,3,5707
104,-3,92,4,5524
105,-3,94,0,5784
106,-3,94,3,5450
107,-1,92,3,5224
108,0,93,0,5643
109,-2,92,3,5114
110,-2,93,1,5533
111,-2,94,3,5372
112,0,92,2,5271
113,0,92,3,5805
114,-3,94,4,5014
115,1,92,4,5696
116,-2,94,3,5249
117,0,93,0,5699
118,-2,92,1,5155
119,-2,94,1,5174
120,2,94,1,5350
121,-1,92,2,5613
122,-3,92,1,5780
123,0,93,0,5017
124,1,92,3,5072
125,-1,92,0,5547
126,-3,94,1,5619
127,0,92,1,5956
128,1,92,3,5686
129,-3,93,0,5977
130,-1,92,3,5589
131,0,92,4,5585
132,0,92,3,5951
133,-3,92,3,5261
134,-1,93,2,5708
135,1,93,3,5863
136,-2,94,3,5149
137,-1,92,1,5829
138,-1,92,2,5203
139,0,94,4,5503
140,-1,94,3,5886
141,-1,93,3,5149
142,0,93,3,5600
143,1,93,2,5528
144,0,93,2,5488
145,-1,94,3,5419
146,-2,93,3,5007
147,0,93,3,5762
148,-2,94,1,5972
149,2,92,3,5391
150,0,93,4,5440
151,-1,92,2,5562
152,1,92,1,5949
153,2,94,0,5826
154,-3,94,4,5921
155,-3,94,4,5672
156,1,94,2,5086
157,-3,92,2,5785
158,-3,92,3,5368
159,-3,94,2,5252
160,2,94,1,5396
161,-2,92,0,5131
162,2,92,3,5479
163,0,93,1,5808
164,2,92,0,5668
165,-3,93,2,5024
166,2,92,0,5364
167,0,92,3,5280
168,1,92,1,5989
169,-3,92,1,5671
170,2,94,1,5523
171,-2,93,3,5426
172,-3,94,1,5020
173,-1,94,1,5031
174,1,93,1,5028
175,-2,94,3,5669
176,1,93,2,5562
177,1,93,2,5948
178,-3,94,4,5591
179,2,92,4,5712
180,1,92,3,5485
181,1,94,1,5680
182,-3,92,2,5770
183,-2,92,3,5952
184,-1,94,4,5948
185,-2,92,4,5288
186,0,93,2,5361
187,2,93,4,5351
188,-1,93,4,5489
189,1,93,1,5742
190,1,93,4,5415
191,1,94,3,5204
192,-1,93,3,5471
193,2,94,2,5296
194,1,93,2,5593
195,0,94,0,5111
196,2,92,0,5198
197,1,93,3,5648
198,1,94,1,5829
199,0,92,0,5916
200,-1,93,1,5666
201,1,93,3,5116
202,-3,94,4,5804
203,-1,94,0,5809
204,-3,92,1,5832
205,1,92,4,5822
206,2,92,2,5895
207,2,93,3,5650
208,-2,94,4,5266
209,2,92,1,5518
210,0,94,1,5037
211,-3,92,1,5623
212,-3,92,1,5524
213,0,93,2,5553
214,2,92,2,5440
215,-1,93,2,5999
216,0,93,1,5756
217,-1,94,1,5740
218,0,94,2,5192
219,-2,93,3,5186
220,-3,92,3,5984
221,-1,93,4,5827
222,-2,94,4,5066
223,1,94,3,5888
224,-1,93,0,5725
225,0,94,3,5458
226,-2,94,0,5204
227,-2,93,2,5254
228,-1,92,0,5719
229,1,92,0,5237
230,-3,93,1,5150
231,0,94,2,5872
232,-2,94,0,5566
233,1,92,3,5137
234,2,93,2,5411
235,2,92,2,5128
236,-1,92,3,5351
237,-2,93,3,5809
238,0,94,4,5873
239,-1,93,0,5343
240,0,92,3,5408
241,0,92,2,5990
242,0,92,2,5384
243,1,93,1,5966
244,-1,94,4,5670
245,2,93,0,5690
246,1,94,0,5149
247,0,92,1,5848
248,2,94,2,5082
249,-3,94,3,5883
250,-2,93,3,5407
251,0,93,0,5152
252,1,94,4,5317
253,-2,93,3,5906
254,-3,93,2,5475
255,-3,92,1,5531
256,-2,94,2,5266
257,-2,93,3,5637
258,-1,93,0,5548
259,1,93,4,5840
260,-1,93,0,5776
261,-3,93,4,5419
262,-1,94,2,5065
263,-3,92,0,5246
264,-1,93,4,5432
265,2,94,2,5972
266,1,93,2,5994
267,2,93,3,5463
268,2,94,2,5599
269,-1,93,3,5186
270,-2,92,0,5449
271,0,93,4,5638
272,-3,94,1,5218
273,-2,93,0,5785
274,2,93,3,5603
275,2,93,1,5011
276,1,93,0,5177
277,1,94,3,5176
278,-1,93,4,5641
279,1,93,2,5833
280,2,93,3,5339
281,2,93,1,5039
282,-2,92,4,5422
283,-3,94,4,5936
284,2,94,1,5479
285,-2,94,1,5177
286,2,93,0,5250
287,-3,92,3,5168
288,2,94,2,5767
289,-3,93,3,5236
290,-3,92,2,5190
291,2,94,1,5429
292,1,92,3,5658
293,1,94,3,5442
294,-2,94,1,5423
295,-1,92,1,5313
296,0,93,4,5916
297,-3,94,2,5301
298,0,92,0,5059
299,-2,92,4,5395
300,-1,92,0,5408
301,-2,94,1,5206
302,1,92,1,5526
303,-2,94,3,5951
304,2,92,2,5037
305,-3,92,4,5397
306,2,93,1,5759
307,-1,93,0,5250
308,2,92,0,5542
309,1,93,4,5420
310,-2,93,0,5093
311,0,94,1,5965
312,-1,94,0,5672
313,2,92,0,5204
314,-3,93,2,5271
315,-2,94,4,5545
316,0,93,4,5114
317,1,94,2,5077
318,-3,93,0,5885
319,-2,92,0,5198
320,-3,92,4,5657
321,-3,92,4,5813
322,-3,92,1,5929
323,-2,94,0,5426
324,2,94,2,5442
325,1,94,1,5046
326,0,92,3,5124
327,-2,93,0,5658
328,-2,92,4,5967
329,-2,93,4,5322
330,-1,92,2,5253
331,0,94,3,5894
332,-2,92,0,5369
333,-3,92,2,5718
334,-3,92,3,5512
335,2,94,3,5890
336,0,93,0,5839
337,-3,93,0,5412
338,-2,92,2,5382
339,-3,94,4,5475
340,2,94,1,5790
341,-2,92,1,5131
342,0,94,3,5969
343,-2,92,4,5103
344,-3,92,2,5964
345,2,92,1,5716
346,1,92,1,5912
347,-3,94,2,5998
348,2,94,0,5054
349,0,94,0,5384
350,0,93,2,5807
351,-2,92,4,5006
352,1,94,0,5895
353,2,92,2,5356
354,0,92,1,5531
355,2,92,0,5711
356,2,94,3,5779
357,-3,93,0,5014
358,2,93,4,5610
359,-3,94,0,5030
360,0,94,3,5794
361,2,93,3,5393
362,-2,94,1,5784
363,2,93,3,5534
364,2,94,4,5959
365,0,93,0,5142
366,-2,92,0,5227
367,1,94,2,5036
368,2,92,1,5716
369,-2,94,4,5718
370,-2,94,4,5977
371,1,92,3,5050
372,2,94,3,5463
373,0,94,3,5223
374,-2,94,2,5322
375,-2,93,2,5912
376,1,94,0,5326
377,-3,93,1,5295
378,-1,94,4,5253
379,-3,92,4,5215
380,-3,93,1,5508
381,-3,92,1,5792
382,-3,93,3,5201
383,-1,93,4,5291
384,0,94,4,5325
385,1,94,1,5971
386,0,92,0,5766
387,1,92,4,5428
388,0,94,4,5532
389,2,93,1,5626
390,-2,94,4,5960
391,-1,94,3,5796
392,-1,94,3,5324
393,-2,93,0,5389
394,-1,94,0,5715
395,-3,94,4,5552
396,2,94,4,5246
397,1,94,4,5211
398,0,92,4,5753
399,1,94,0,5331
400,0,92,4,5854
401,-3,93,0,5516
402,1,93,4,5749
403,-3,94,3,5783
404,2,92,2,5674
405,-3,92,4,5668
406,-1,92,1,5654
407,-3,92,1,5374
408,0,93,3,5283
409,2,92,4,5648
410,-3,94,4,5350
411,2,93,0,5977
412,1,93,3,5038
413,-2,93,1,5848
414,-1,92,4,5977
415,-1,93,1,5050
416,-3,93,1,5382
417,2,93,3,5227
418,-3,92,2,5066
419,1,92,2,5956
420,1,93,1,5873
421,1,92,4,5683
422,-1,94,1,5511
423,1,92,1,5312
424,1,94,0,5836
425,2,93,2,5853
426,2,92,0,5495
427,-3,94,3,5706
428,2,93,0,5208
429,2,93,3,5229
430,-2,94,1,5223
431,-3,92,1,5830
432,1,94,2,5439
433,1,94,2,5559
434,-1,94,0,5428
435,2,92,1,5800
436,1,92,4,5837
437,1,93,0,5081
438,0,92,4,5795
439,-2,92,3,5272
440,0,93,1,5497
441,-1,94,0,5214
442,-3,94,0,5029
443,-3,93,2,5733
444,-3,92,2,5226
445,2,93,2,5414
446,1,94,0,5621
447,0,94,3,5472
448,2,93,1,5524
449,1,94,1,5722
450,-2,92,0,5563
451,-2,93,4,5898
452,1,93,3,5963
453,1,94,4,5131
454,2,92,2,5302
455,2,92,0,5877
456,0,94,0,5428
457,-1,94,2,5005
458,-1,93,0,5256
459,-1,92,1,5931
460,2,93,2,5570
461,-1,94,2,5651
462,-2,94,3,5767
463,-2,94,4,5432
464,-2,94,0,5705
465,1,94,1,5673
466,0,92,1,5301
467,0,92,4,5479
468,2,94,4,5034
469,0,93,1,5625
470,-2,94,0,5948
471,-1,92,1,5996
472,-3,92,1,5733
473,-2,93,2,5727
474,-3,94,4,5806
475,-2,92,2,5000
476,1,94,2,5580
477,-1,92,2,5295
478,-2,92,4,5512
479,2,94,2,5396
480,2,94,4,5770
481,-3,94,1,5938
482,-2,93,2,5302
483,0,93,4,5733
484,-1,94,1,5088
485,2,92,3,5600
486,-1,92,4,5820
487,-3,92,2,5963
488,-2,92,1,5806
489,2,93,1,5621
490,2,92,1,5090
491,2,92,4,5158
492,-1,93,0,5825
493,1,94,1,5346
494,2,93,0,5578
495,-3,92,0,5996
496,0,94,2,5429
497,-3,94,4,5328
498,1,92,0,5028
499,-2,94,0,5442
500,1,94,0,5034
501,0,93,3,5810
502,-3,94,3,5782
503,0,92,0,5992
504,-1,94,2,5910
505,1,94,2,5768
506,-3,94,0,5765
507,1,94,4,5753
508,2,94,0,5639
509,-1,94,4,5941
510,-3,92,3,5439
511,-1,92,0,5988
512,0,93,4,5035
513,0,93,2,5070
514,-1,93,4,5491
515,0,92,3,5156
516,2,92,2,5071
517,-3,92,0,5369
518,0,93,2,5709
519,-1,94,3,5755
520,-1,93,3,5621
521,0,93,3,5089
522,2,93,4,5735
523,-2,93,0,5344
524,2,94,4,5103
525,-3,92,3,5250
526,-3,93,0,5487
527,1,94,2,5668
528,1,93,2,5858
529,0,92,0,5621
530,0,94,4,5898
531,-3,93,0,5440
532,-2,93,4,5094
533,2,94,3,5765
534,1,94,2,5713
535,-3,93,3,5075
536,-3,94,1,5318
537,0,93,0,5510
538,-3,92,0,5540
539,0,93,3,5817
540,-1,92,2,5685
541,1,92,0,5469
542,1,92,1,5005
543,1,92,3,5858
544,-1,92,3,5524
545,2,93,0,5474
546,-1,92,2,5061
547,2,94,3,5166
548,0,92,0,5806
549,-2,94,3,5620
550,-3,93,2,5924
551,1,93,4,5713
552,-1,92,2,5087
553,-1,93,4,5924
554,1,94,2,5459
555,-2,94,3,5687
556,0,94,1,5105
557,0,92,4,5396
558,-1,94,1,5901
559,0,92,4,5155
560,-2,92,1,5460
561,-3,92,0,5880
562,1,93,2,5218
563,2,94,3,5346
564,-3,93,3,5407
565,-1,93,1,5010
566,1,92,4,5826
567,-1,93,0,5929
568,-3,93,0,5590
569,2,94,2,5988
570,-3,93,4,5303
571,-1,94,1,5010
572,0,93,2,5195
573,-3,92,3,5568
574,0,93,4,5480
575,1,92,2,5846
576,-3,92,2,5559
577,-3,93,2,5611
578,0,93,1,5136
579,-1,93,4,5017
580,-2,94,2,5525
581,1,93,0,5045
582,2,93,4,5092
583,-1,92,3,5641
584,1,92,4,5316
585,-2,94,1,5501
586,0,94,4,5958
587,0,93,3,5350
588,-1,92,3,5963
589,-3,92,0,5638
590,2,94,2,5338
591,0,94,2,5186
592,1,94,2,5849
593,0,93,4,5708
594,-1,92,3,5769
595,-3,92,1,5870
596,-2,92,2,5359
597,2,92,2,5058
598,2,93,2,5440
599,2,93,1,5489
600,1,94,0,5652
601,2,93,1,5303
602,2,94,0,5795
603,2,93,4,5044
604,1,94,3,5776
605,-2,92,2,5393
606,-2,93,1,5382
607,2,94,4,5594
608,2,92,1,5200
609,1,94,1,5760
610,-1,92,2,5303
611,-3,94,3,5794
612,2,94,3,5881
613,-1,94,4,5136
614,0,94,4,5934
615,-1,92,1,5926
616,0,93,2,5620
617,-1,94,3,5401
618,-1,94,2,5437
619,-1,94,1,5225
620,-2,94,3,5071
621,1,93,1,5911
622,-1,94,3,5992
623,-2,94,2,5806
624,0,92,3,5458
625,-2,93,4,5132
626,0,92,0,5201
627,0,94,0,5488
628,-1,94,2,5454
629,0,94,1,5205
630,2,93,0,5838
631,-2,92,4,5143
632,2,92,0,5673
633,1,94,1,5087
634,-1,92,1,5856
635,-1,94,0,5094
636,-2,93,0,5601
637,-3,93,2,5705
638,-1,94,3,5121
639,2,93,4,5646
640,0,92,2,5518
641,-3,92,0,5619
642,-3,93,2,5817
643,0,93,2,5384
644,-2,92,2,5542
645,2,93,2,5381
646,0,92,1,5580
647,0,94,2,5988
648,2,93,1,5118
649,1,92,2,5474
650,-1,92,2,5117
651,-2,93,3,5058
652,-3,92,2,5198
653,-3,94,0,5027
654,2,93,4,5268
655,2,94,3,5114
656,-3,93,4,5666
657,-2,94,3,5208
658,1,92,0,5862
659,-1,93,3,5167
660,1,92,3,5121
661,-1,94,2,5974
662,2,92,1,5196
663,-2,93,0,5415
664,1,94,1,5255
665,-3,94,3,5139
666,-1,94,0,5386
667,1,92,1,5175
668,2,93,1,5668
669,2,94,3,5711
670,-1,92,3,5551
671,-1,94,0,5865
672,1,94,3,5719
673,-1,92,4,5282
674,-1,94,3,5820
675,-1,93,1,5510
676,-3,94,4,5608
677,-2,92,4,5519
678,2,93,1,5264
679,-3,94,0,5360
680,1,92,4,5526
681,1,92,1,5513
682,0,92,4,5720
683,1,94,3,5570
684,-1,94,4,5454
685,2,93,1,5739
686,-1,93,1,5078
687,-2,92,3,5382
688,2,94,3,5955
689,0,93,0,5275
690,0,94,2,5223
691,1,92,2,5025
692,-1,93,2,5904
693,2,94,3,5211
694,2,94,4,5046
695,-3,94,4,5155
696,-3,94,3,5945
697,-2,93,0,5384
698,2,92,4,5407
699,-2,92,1,5681
700,0,92,0,5172
701,-2,92,2,5596
702,-2,93,4,5840
703,2,92,4,5411
704,1,92,0,5012
705,1,93,0,5720
706,1,92,4,5996
707,-3,93,0,5343
708,0,94,2,5851
709,-2,92,2,5478
710,1,92,0,5198
711,-1,94,2,5495
712,-3,94,3,5507
713,2,92,0,5013
714,0,93,2,5729
715,1,94,4,5322
716,0,93,2,5591
717,0,94,1,5665
718,-1,92,0,5178
719,2,93,2,5547
720,-1,93,2,5962
721,-2,94,3,5860
722,2,92,0,5780
723,1,93,3,5495
724,-1,93,4,5636
725,0,94,3,5752
726,2,93,3,5508
727,-2,93,0,5005
728,-2,93,2,5755
729,-3,93,3,5996
730,1,92,0,5497
731,2,92,4,5265
732,-2,94,2,5682
733,-1,92,0,5879
734,1,92,4,5953
735,2,93,2,5294
736,2,94,1,5236
737,1,92,4,5436
738,2,93,3,5740
739,0,93,2,5053
740,0,94,0,5155
741,-1,93,3,5521
742,2,92,4,5585
743,-3,94,2,5692
744,1,93,2,5412
745,2,92,1,5712
746,-2,92,4,5411
747,-3,94,1,5836
748,-3,92,0,5066
749,-2,94,2,5654
750,-2,92,2,5573
751,0,94,3,5362
752,-1,93,1,5383
753,-1,92,4,5774
754,-3,94,4,5706
755,2,92,4,5138
756,-1,92,2,5096
757,-2,92,3,5428
758,0,94,2,5591
759,-1,93,3,5657
760,-1,94,4,5352
761,-2,94,0,5707
762,2,94,3,5976
763,-2,93,0,5890
764,1,92,3,5162
765,0,92,2,5154
766,2,92,2,5177
767,-2,93,4,5029
768,-3,92,3,5653
769,-3,93,4,5286
770,-2,94,2,5497
771,0,94,1,5967
772,2,94,0,5152
773,-1,92,0,5548
774,0,94,2,5239
775,1,94,4,5965
776,2,94,4,5180
777,1,93,2,5600
778,-3,93,4,5554
779,-3,94,1,5258
780,-3,94,1,5840
781,0,94,3,5955
782,-1,94,3,5263
783,0,92,1,5247
784,1,93,0,5044
785,-1,94,0,5691
786,0,94,2,5150
787,2,94,1,5292
788,1,93,2,5508
789,-3,94,3,5173
790,-1,92,1,5827
791,-3,92,1,5278
792,-3,92,1,5729
793,1,93,2,5944
794,-3,92,2,5496
795,-2,93,2,5293
796,2,94,3,5250
797,-2,93,1,5017
798,2,92,1,5434
799,1,93,0,5858
800,-3,94,3,5974
801,1,93,4,5875
802,-3,92,4,5751
803,-2,93,3,5771
804,-2,93,0,5939
805,1,93,3,5707
806,-1,94,2,5564
807,1,92,2,5650
808,0,94,3,5309
809,2,93,3,5510
810,-3,92,4,5104
811,-1,93,0,5779
812,0,93,2,5908
813,-1,94,3,5362
814,-2,93,0,5294
815,-1,94,2,5399
816,0,92,0,5150
817,-1,93,0,5458
818,-3,92,4,5575
819,-3,92,0,5337
820,-3,92,4,5060
821,2,92,4,5078
822,-2,94,3,5012
823,-2,93,0,5247
824,-1,94,1,5837
825,2,94,3,5360
826,-1,93,1,5787
827,2,92,0,5612
828,-2,93,0,5598
829,2,93,1,5305
830,0,93,2,5901
831,-1,94,4,5776
832,-3,92,3,5177
833,-2,93,0,5507
834,-2,93,1,5608
835,0,92,4,5708
836,-1,94,1,5362
837,1,93,2,5270
838,2,94,4,5501
839,0,92,0,5650
840,-2,92,1,5995
841,0,93,0,5678
842,1,92,3,5906
843,-3,92,2,5151
844,2,92,2,5572
845,-3,94,3,5406
846,-3,93,1,5758
847,-1,94,3,5052
848,-1,93,1,5137
849,-3,93,0,5503
850,-3,94,4,5389
851,1,94,0,5211
852,-2,92,4,5427
853,-2,94,4,5517
854,-3,94,2,5676
855,-2,92,1,5128
856,1,92,0,5384
857,-1,93,0,5188
858,0,94,3,5179
859,-3,94,3,5849
860,-1,93,0,5111
861,-3,92,2,5634
862,-1,93,2,5285
863,-1,94,1,5913
864,0,93,4,5116
865,-2,93,0,5681
866,1,93,2,5970
867,0,93,0,5704
868,1,94,4,5661
869,-2,92,4,5938
870,1,94,1,5937
871,-1,93,3,5252
872,-1,93,0,5535
873,-3,92,2,5035
874,-3,92,2,5342
875,-3,92,0,5385
876,-1,93,1,5415
877,0,93,3,5833
878,-3,94,0,5102
879,2,94,3,5383
880,-3,93,4,5956
881,1,94,0,5671
882,-3,93,0,5278
883,0,92,2,5660
884,-2,93,4,5810
885,0,92,0,5638
886,2,94,2,5076
887,-1,94,0,5896
888,-1,94,1,5120
889,-2,93,2,5965
890,-2,92,1,5962
891,2,92,2,5525
892,0,92,0,5155
893,-2,92,0,5127
894,2,92,0,5286
895,2,94,2,5079
896,-3,92,2,5284
897,0,93,1,5910
898,0,93,4,5025
899,-2,92,2,5504
900,1,92,4,5606
901,0,93,1,5994
902,1,92,2,5514
903,-3,92,2,5683
904,-3,92,0,5845
905,-2,94,3,5348
906,-2,92,0,5951
907,2,94,2,5796
908,1,92,1,5302
909,-2,93,1,5162
910,0,93,0,5132
911,2,94,3,5636
912,-1,93,1,5298
913,2,94,2,5589
914,-2,93,1,5682
915,1,92,1,5876
916,2,94,1,5936
917,-3,93,4,5961
918,1,93,4,5885
919,-1,92,4,5674
920,-2,94,3,5742
921,-1,93,0,5745
922,1,92,1,5875
923,-1,92,1,5058
924,0,92,2,5110
925,2,93,3,5683
926,1,94,4,5953
927,1,92,0,5211
928,-2,94,3,5767
929,-3,93,2,5261
930,-2,92,3,5684
931,-3,93,4,5302
932,-1,94,1,5913
933,-2,93,3,5463
934,1,93,1,5564
935,2,92,2,5931
936,-1,93,1,5727
937,1,93,4,5256
938,2,93,1,5288
939,-2,93,4,5755
940,-2,94,2,5490
941,0,92,1,5669
942,-2,93,0,5415
943,-1,92,3,5598
944,1,93,1,5563
945,0,92,3,5886
946,-1,92,1,5446
947,2,93,0,5647
948,-2,92,3,5051
949,1,92,1,5422
950,-3,93,4,5796
951,-3,92,4,5557
952,2,93,0,5631
953,-3,92,4,5111
954,-2,92,3,5178
955,0,94,1,5689
956,2,94,3,5615
957,0,92,4,5511
958,-3,93,0,5795
959,2,94,0,5955
960,-1,94,0,5177
961,1,93,0,5554
962,-1,93,0,5756
963,-2,93,0,5183
964,0,92,3,5321
965,0,93,4,5429
966,1,94,4,5648
967,-3,94,2,5353
968,-2,94,1,5452
969,2,92,1,5245
970,1,92,4,5423
971,-2,92,3,5977
972,-2,94,2,5588
973,0,92,2,5735
974,-1,93,2,5809
975,-3,92,2,5889
976,1,93,1,5683
977,-1,94,4,5899
978,-2,94,1,5970
979,-1,92,2,5633
980,2,92,1,5354
981,-1,94,0,5194
982,-3,94,3,5220
983,2,93,1,5923
984,1,94,0,5302
985,2,94,4,5969
986,-3,94,1,5855
987,2,92,4,5297
988,0,94,0,5104
989,0,93,3,5610
990,0,92,4,5265
991,1,93,2,5515
992,-2,93,1,5326
993,0,92,2,5312
994,0,94,4,5027
995,2,93,2,5980
996,-3,92,2,5649
997,1,92,1,5193
998,-1,92,2,5315
999,-2,93,3,5058
1000,2,93,0,5559
1001,2,94,2,5853
1002,2,93,3,5144
1003,-3,94,1,5342
1004,-1,93,4,5172
1005,2,93,4,5240
1006,-1,92,1,5901
1007,-2,92,0,5362
1008,2,94,2,5944
1009,0,94,3,5531
1010,1,92,2,5215
1011,2,92,3,5690
1012,-2,93,2,5715
1013,-1,94,2,5476
1014,-3,93,2,5925
1015,-3,93,0,5546
1016,0,94,1,5299
1017,-2,92,1,5294
1018,-2,94,1,5297
1019,-3,92,1,5739
1020,1,93,0,5602
1021,-2,93,1,5675
1022,-1,92,0,5876
1023,2,93,3,5104
1024,1,93,4,5443
1025,1,94,2,5412
1026,-3,94,4,5070
1027,-1,92,4,5977
1028,-1,92,0,5036
1029,-2,94,2,5490
1030,0,93,4,5912
1031,1,92,2,5637
1032,-2,93,1,5550
1033,-1,93,0,5173
1034,-2,93,0,5690
1035,0,93,3,5480
1036,-3,92,4,5480
1037,1,93,4,5957
1038,-1,92,2,5297
1039,1,92,0,5776
1040,-3,92,0,5471
1041,0,93,4,5215
1042,2,94,3,5468
1043,0,93,2,5906
1044,-3,94,4,5054
1045,-1,92,4,5022
1046,-1,92,2,5028
1047,0,93,2,5049
1048,-3,92,2,5807
1049,-1,94,2,5825
1050,-1,94,2,5458
1051,1,92,1,5380
1052,1,93,1,5812
1053,2,93,1,5947
1054,-1,94,2,5038
1055,-1,93,2,5511
1056,-2,93,4,5888
1057,-1,92,2,5797
1058,-3,93,4,5782
1059,1,92,0,5537
1060,2,92,1,5496
1061,2,93,3,5899
1062,0,93,4,5078
1063,0,93,4,5956
1064,-1,93,2,5932
1065,2,92,1,5279
1066,-2,94,0,5263
1067,0,93,1,5771
1068,1,94,3,5491
1069,1,92,0,5596
1070,2,93,4,5488
1071,-2,93,4,5304
1072,-2,93,3,5779
1073,0,92,1,5607
1074,0,92,3,5897
1075,1,93,1,5622
1076,1,94,4,5470
1077,2,92,0,5507
1078,-1,94,1,5504
1079,-1,93,4,5384
1080,0,92,1,5176
1081,-2,92,4,5561
1082,0,92,4,5807
1083,-1,92,0,5746
1084,1,94,0,5181
1085,-3,92,3,5565
1086,-1,93,1,5572
1087,2,93,4,5396
1088,1,94,2,5811
1089,1,94,4,5681
1090,-3,93,4,5895
1091,-3,92,1,5114
1092,-2,94,0,5139
1093,-2,93,3,5923
1094,-3,93,2,5659
1095,2,94,2,5557
1096,2,94,1,5076
1097,-2,93,1,5580
1098,2,92,0,5335
1099,2,94,3,5472
1100,1,92,3,5317
1101,-2,93,0,5208
1102,-2,92,1,5935
1103,0,94,4,5639
1104,-1,93,2,5488
1105,2,92,1,5826
1106,-3,93,0,5523
1107,-3,93,1,5151
1108,1,93,2,5181
1109,-2,93,0,5498
1110,0,92,4,5291
1111,-2,94,2,5636
1112,-1,92,2,5694
1113,2,92,1,5037
1114,2,92,0,5937
1115,-3,94,4,5587
1116,-2,92,2,5071
1117,-3,93,1,5048
1118,2,93,3,5904
1119,-2,92,3,5173
1120,0,92,0,5681
1121,-3,93,0,5336
1122,-3,93,2,5687
1123,-1,92,0,5765
1124,-2,94,4,5653
1125,-1,94,1,5742
1126,0,92,0,5646
1127,1,92,2,5390
1128,-1,94,0,5026
1129,-1,92,4,5620
1130,-3,94,0,5901
1131,-3,92,4,5617
1132,-2,92,2,5190
1133,-1,94,1,5847
1134,2,93,2,5582
1135,-1,94,3,5438
1136,-1,94,3,5096
1137,2,93,0,5596
1138,2,92,3,5589
1139,2,94,3,5670
1140,-3,93,0,5409
1141,2,93,2,5218
1142,-1,92,2,5254
1143,2,94,0,5051
1144,-3,94,0,5195
1145,-1,94,4,5412
1146,-2,93,3,5830
1147,2,94,3,5839
1148,0,93,2,5142
1149,-3,92,1,5336
1150,0,94,1,5366
1151,-1,93,0,5449
1152,-1,94,4,5049
1153,-3,94,3,5580
1154,2,93,3,5794
1155,-2,93,2,5933
1156,2,94,3,5974
1157,0,92,1,5706
1158,-1,94,0,5699
1159,1,92,0,5213
1160,-3,94,3,5201
1161,-1,93,3,5389
1162,-3,94,4,5304
1163,1,93,2,5317
1164,2,93,2,5340
1165,-2,93,2,5319
1166,2,94,4,5783
1167,-2,93,2,5981
1168,-1,94,1,5222
1169,1,94,4,5953
1170,1,92,0,5661
1171,-2,93,0,5139
1172,-2,93,2,5040
1173,2,93,1,5988
1174,1,92,3,5644
1175,0,92,1,5885
1176,-2,94,1,5280
1177,1,93,1,5639
1178,-1,93,4,5615
1179,-3,93,0,5521
1180,-1,93,3,5891
1181,1,94,1,5387
1182,0,92,4,5813
1183,1,92,2,5722
1184,-2,93,1,5967
1185,1,94,3,5205
1186,0,94,2,5566
1187,-2,92,1,5667
1188,0,94,0,5453
1189,2,93,2,5318
1190,-2,92,1,5209
1191,2,93,1,5592
1192,-3,94,3,5412
1193,1,92,1,5243
1194,1,93,2,5350
1195,-1,92,0,5454
1196,1,92,0,5665
1197,-1,92,2,5275
1198,2,92,0,5683
1199,1,92,0,5212
1200,0,93,3,5281
1201,-1,94,1,5167
1202,1,93,0,5533
1203,-2,93,2,5921
1204,-3,92,0,5848
1205,0,92,3,5866
1206,-2,92,2,5172
1207,-3,92,0,5500
1208,0,94,3,5183
1209,2,92,0,5367
1210,-2,94,3,5250
1211,-1,92,1,5027
1212,1,92,4,5038
1213,-1,94,3,5361
1214,2,94,3,5398
1215,-2,93,1,5886
1216,0,92,1,5083
1217,-1,94,1,5273
1218,-1,94,0,5083
1219,-1,93,2,5078
1220,-3,92,1,5967
1221,-2,92,4,5525
1222,2,92,2,5519
1223,-2,94,4,5662
1224,-3,93,3,5258
1225,2,94,3,5698
1226,2,93,0,5777
1227,0,94,4,5661
1228,-1,93,1,5114
1229,-3,93,4,5947
1230,-3,93,0,5640
1231,2,92,4,5949
1232,-3,94,3,5609
1233,-1,94,3,5657
1234,0,92,2,5338
1235,-3,94,2,5285
1236,-2,92,0,5646
1237,0,94,0,5974
1238,-2,94,1,5735
1239,-3,93,1,5026
1240,2,94,0,5062
1241,1,93,2,5029
1242,2,92,0,5493
1243,1,92,0,5778
1244,2,92,4,5139
1245,-2,93,1,5187
1246,-2,92,2,5780
1247,-2,92,4,5963
1248,-3,93,4,5195
1249,-2,94,3,5681
1250,0,94,4,5266
1251,-1,93,1,5256
1252,2,93,3,5314
1253,1,92,1,5491
1254,0,93,3,5208
1255,0,93,3,5497
1256,0,94,3,5967
1257,-3,92,4,5673
1258,-1,93,0,5845
1259,-1,94,4,5101
1260,-2,92,0,5495
1261,0,93,3,5420
1262,-1,93,4,5780
1263,-1,94,0,5350
1264,0,93,0,5333
1265,-2,93,1,5333
1266,-1,92,4,5423
1267,-2,93,2,5634
1268,-1,92,0,5568
1269,-1,93,3,5326
1270,-2,92,3,5826
1271,1,93,3,5206
1272,2,94,4,5610
1273,-1,93,0,5868
1274,2,93,4,5713
1275,-2,93,1,5667
1276,-2,93,2,5598
1277,1,94,3,5154
1278,0,93,3,5701
1279,-3,92,1,5083
1280,0,92,3,5530
1281,0,93,1,5829
1282,0,92,4,5932
1283,-3,92,2,5585
1284,2,93,0,5265
1285,-1,92,2,5468
1286,1,92,4,5749
1287,-3,92,3,5924
1288,-2,94,0,5143
1289,-1,94,1,5389
1290,-2,93,4,5122
1291,1,92,4,5342
1292,-1,94,1,5483
1293,2,92,2,5836
1294,-3,93,1,5974
1295,-3,94,0,5633
1296,-3,92,1,5984
1297,2,94,3,5580
1298,1,94,1,5424
1299,2,92,3,5919
1300,-2,93,1,5325
1301,0,92,1,5513
1302,-3,94,4,5607
1303,2,94,1,5811
1304,1,93,4,5198
1305,-3,92,1,5595
1306,-1,93,2,5936
1307,2,94,4,5424
1308,1,93,1,5809
1309,-3,92,2,5203
1310,-2,94,0,5910
1311,-1,92,0,5731
1312,0,94,4,5855
1313,-3,93,2,5492
1314,1,92,3,5608
1315,1,92,2,5344
1316,-2,94,4,5286
1317,-2,92,3,5909
1318,-3,92,1,5280
1319,-2,92,3,5990
1320,0,94,0,5410
1321,2,92,1,5036
1322,-2,93,4,5579
1323,-3,94,3,5959
1324,-3,92,4,5773
1325,-2,92,3,5220
1326,0,92,1,5687
1327,2,92,1,5021
1328,2,94,1,5423
1329,0,93,1,5516
1330,-2,94,2,5133
1331,0,94,2,5795
1332,0,92,0,5890
1333,-3,92,3,5006
1334,-2,94,2,5205
1335,2,93,0,5991
1336,0,92,2,5779
1337,2,94,2,5861
1338,1,94,4,5126
1339,-3,92,3,5978
1340,-2,92,4,5579
1341,0,94,0,5141
1342,1,92,4,5774
1343,-2,92,1,5900
1344,2,93,1,5307
1345,-1,93,4,5217
1346,-2,93,1,5373
1347,-2,93,0,5755
1348,2,94,0,5219
1349,-1,94,0,5664
1350,1,93,2,5220
1351,1,94,0,5287
1352,1,94,2,5257
1353,2,93,0,5219
1354,2,94,2,5941
1355,0,94,4,5559
1356,1,92,0,5800
1357,2,92,4,5252
1358,1,93,4,5776
1359,-2,92,0,5473
1360,-3,92,4,5902
1361,-2,92,3,5291
1362,-2,92,4,5000
1363,2,93,0,5572
1364,-3,92,0,5532
1365,2,92,0,5037
1366,1,93,3,5383
1367,2,94,0,5174
1368,-3,92,0,5498
1369,2,92,3,5297
1370,0,93,4,5709
1371,1,94,2,5369
1372,-2,92,2,5323
1373,-1,92,0,5370
1374,2,92,4,5280
1375,-2,93,2,5364
1376,-2,93,0,5559
1377,-1,93,4,5118
1378,2,94,3,5231
1379,-2,94,2,5472
1380,-3,94,2,5041
1381,-2,93,4,5645
1382,2,93,3,5896
1383,-2,92,2,5656
1384,-3,93,4,5996
1385,-3,94,3,5102
1386,2,92,4,5099
1387,-3,92,2,5558
1388,-2,93,3,5896
1389,-1,93,2,5028
1390,-2,92,1,5021
1391,1,93,3,5107
1392,1,93,2,5090
1393,-2,94,1,5370
1394,1,92,0,5317
1395,0,94,2,5852
1396,-2,93,1,5558
1397,-1,94,2,5119
1398,-2,93,0,5368
1399,-2,93,0,5851
1400,0,92,0,5627
1401,1,92,4,5973
1402,0,92,4,5160
1403,1,92,1,5788
1404,-1,94,1,5310
1405,1,93,2,5381
1406,2,92,1,5976
1407,2,92,2,5406
1408,-3,94,4,5715
1409,-1,94,4,5712
1410,2,94,0,5401
1411,0,92,4,5903
1412,1,94,4,5086
1413,-1,94,2,5391
1414,-1,94,0,5607
1415,-2,94,3,5270
1416,-2,93,2,5887
1417,1,94,1,5018
1418,-2,94,0,5984
1419,2,93,2,5422
1420,-1,93,4,5428
1421,2,92,2,5819
1422,2,93,3,5628
1423,-3,92,4,5146
1424,0,94,1,5797
1425,1,92,0,5335
1426,0,93,1,5587
1427,2,93,1,5382
1428,2,94,3,5787
1429,-1,93,4,5481
1430,0,92,1,5034
1431,-2,94,4,5513
1432,-2,93,4,5305
1433,0,92,4,5442
1434,2,92,4,5098
1435,0,94,1,5482
1436,2,93,0,5738
1437,0,94,2,5888
1438,-2,92,4,5773
1439,-2,92,0,5392
1440,1,92,4,5118
1441,-3,94,3,5274
1442,2,94,2,5725
1443,-2,93,3,5917
1444,1,92,0,5107
1445,-1,93,2,5755
1446,-2,92,4,5259
1447,-3,92,2,5494
1448,0,94,3,5156
1449,0,92,3,5693
1450,1,93,4,5715
1451,-3,93,4,5042
1452,-1,94,4,5351
1453,-3,93,0,5198
1454,1,93,1,5484
1455,-3,93,1,5024
1456,-2,94,1,5012
1457,2,94,4,5877
1458,0,93,2,5862
1459,0,92,3,5141
1460,2,92,3,5880
1461,-1,94,0,5446
1462,-1,92,1,5837
1463,-2,92,4,5250
1464,1,94,3,5980
1465,2,93,0,5776
1466,0,93,4,5018
1467,-1,92,2,5561
1468,-2,94,2,5531
1469,-1,92,1,5905
1470,-1,94,3,5163
1471,0,93,2,5236
1472,-3,93,2,5449
1473,0,92,4,5973
1474,-2,92,0,5565
1475,-1,94,1,5388
1476,0,94,2,5474
1477,0,93,0,5241
1478,1,92,3,5078
1479,1,94,0,5693
1480,-1,93,0,5915
1481,2,93,4,5059
1482,0,92,1,5368
1483,-1,94,3,5920
1484,-3,94,4,5922
1485,-3,92,0,5141
1486,-3,94,1,5708
1487,-3,93,2,5148
1488,2,92,4,5166
1489,0,94,0,5212
1490,-3,94,2,5133
1491,0,93,4,5770
1492,-1,92,3,5548
1493,-2,94,1,5137
1494,2,93,4,5969
1495,-2,94,4,5805
1496,-1,92,0,5287
1497,-2,93,1,5331
1498,-1,94,1,5694
1499,1,93,3,5442
1500,0,92,3,5583
1501,2,93,3,5506
1502,1,92,3,5642
1503,1,93,2,5571
1504,-3,93,2,5638
1505,-1,93,1,5697
1506,-2,94,2,5310
1507,-2,92,0,5601
1508,-2,92,1,5473
1509,-1,94,0,5971
1510,-3,92,3,5133
1511,0,92,1,5517
1512,0,92,2,5756
1513,2,94,3,5694
1514,-3,94,1,5699
1515,2,94,4,5636
1516,0,94,3,5003
1517,-3,92,1,5435
1518,-1,94,4,5833
1519,2,94,4,5712
1520,2,92,0,5574
1521,2,94,0,5799
1522,-1,92,2,5655
1523,0,92,3,5144
1524,2,92,4,5168
1525,-2,94,1,5676
1526,2,93,0,5101
1527,-2,92,0,5544
1528,-3,93,2,5980
1529,0,93,3,5435
1530,-3,92,0,5785
1531,-2,93,1,5532
1532,0,93,1,5816
1533,2,94,0,5153
1534,-2,94,4,5873
1535,-3,92,3,5210
1536,1,94,0,5372
1537,-2,94,1,5094
1538,1,94,1,5616
1539,0,94,3,5672
1540,-2,93,4,5100
1541,0,92,0,5568
1542,-3,92,3,5004
1543,-1,94,0,5884
1544,-3,94,2,5094
1545,-1,93,4,5296
1546,2,93,0,5703
1547,2,94,1,5667
1548,-1,94,0,5329
1549,2,92,3,5152
1550,-2,94,0,5966
1551,-3,93,1,5272
1552,-1,94,0,5160
1553,-1,92,4,5266
1554,2,93,2,5653
1555,2,92,4,5076
1556,1,92,4,5113
1557,2,93,0,5427
1558,-1,93,3,5475
1559,0,92,3,5197
1560,2,94,2,5761
1561,-2,93,1,5378
1562,1,93,2,5375
1563,2,94,1,5035
1564,-1,93,2,5328
1565,-1,93,3,5105
1566,0,93,4,5973
1567,0,92,4,5097
1568,-2,94,1,5398
1569,-1,92,2,5955
1570,-1,93,1,5664
1571,2,92,1,5071
1572,1,94,1,5966
1573,-2,93,0,5845
1574,1,92,4,5765
1575,-1,94,2,5406
1576,2,92,4,5334
1577,-3,94,2,5211
1578,0,92,0,5977
1579,-3,94,0,5313
1580,-1,94,3,5006
1581,-3,92,3,5252
1582,-2,94,1,5865
1583,2,94,2,5730
1584,-3,93,3,5392
1585,1,93,1,5764
1586,0,92,1,5477
1587,2,93,3,5604
1588,-3,92,3,5795
1589,-2,94,3,5521
1590,1,93,1,5836
1591,-1,93,0,5967
1592,0,92,3,5274
1593,1,94,1,5571
1594,0,92,3,5109
1595,2,93,4,5627
1596,-1,93,0,5248
1597,-3,94,3,5911
1598,-2,92,2,5488
1599,-2,92,0,5345
1600,-2,93,4,5687
1601,1,92,0,5864
1602,1,94,4,5000
1603,2,94,3,5558
1604,-2,94,2,5817
1605,-2,94,4,5601
1606,1,92,1,5483
1607,0,92,1,5660
1608,-2,94,4,5837
1609,-2,92,2,5977
1610,-2,93,3,5831
1611,-2,92,1,5758
1612,2,93,1,5452
1613,-3,94,2,5281
1614,-3,94,1,5019
1615,1,94,3,5860
1616,-2,92,4,5302
1617,1,93,2,5292
1618,1,93,1,5095
1619,1,92,2,5569
1620,-1,92,0,5527
1621,-2,94,3,5421
1622,0,92,1,5711
1623,1,94,2,5718
1624,1,92,4,5008
1625,1,94,4,5887
1626,0,94,4,5414
1627,-2,92,3,5173
1628,-1,93,0,5430
1629,0,94,3,5300
1630,-2,93,1,5792
1631,-3,92,0,5888
1632,1,94,3,5453
1633,2,93,0,5456
1634,0,92,3,5705
1635,-1,92,1,5556
1636,1,92,4,5428
1637,-3,92,2,5144
1638,1,92,4,5915
1639,-3,94,2,5291
1640,2,93,0,5935
1641,0,94,1,5842
1642,-3,92,4,5399
1643,2,93,1,5922
1644,-1,94,1,5851
1645,-3,92,1,5961
1646,-1,93,0,5849
1647,-3,92,1,5585
1648,-2,93,0,5714
1649,-3,92,1,5840
1650,1,92,0,5310
1651,1,93,2,5920
1652,-3,94,4,5208
1653,-1,93,4,5464
1654,1,92,0,5032
1655,-1,92,2,5968
1656,-1,94,3,5679
1657,1,93,0,5712
1658,0,92,2,5088
1659,0,94,3,5521
1660,1,93,1,5813
1661,-2,94,4,5364
1662,1,93,2,5252
1663,-1,94,3,5708
1664,1,92,0,5711
1665,-1,92,4,5059
1666,1,94,4,5451
1667,-2,93,2,5500
1668,-2,93,1,5744
1669,-1,92,2,5026
1670,-2,93,0,5985
1671,-3,94,1,5919
1672,2,94,4,5578
1673,2,93,2,5684
1674,-2,92,4,5539
1675,0,94,1,5446
1676,-2,93,2,5279
1677,1,93,4,5171
1678,2,93,4,5513
1679,-3,93,2,5729
1680,-3,92,2,5876
1681,0,92,0,5662
1682,0,93,3,5964
1683,2,92,0,5916
1684,0,94,4,5128
1685,2,92,1,5258
1686,2,93,1,5408
1687,1,93,4,5510
1688,-2,94,1,5082
1689,0,94,1,5383
1690,2,94,4,5674
1691,-1,92,4,5059
1692,2,92,3,5924
1693,2,94,1,5426
1694,-1,94,4,5228
1695,-3,94,1,5484
1696,0,93,4,5318
1697,-3,93,4,5234
1698,1,93,4,5570
1699,-2,92,3,5859
1700,-1,93,0,5640
1701,-2,93,0,5474
1702,1,94,0,5319
1703,0,93,3,5310
1704,0,94,4,5080
1705,1,93,3,5972
1706,1,93,0,5175
1707,0,94,2,5411
1708,2,92,4,5823
1709,1,93,4,5270
1710,-2,94,3,5093
1711,-1,94,1,5585
1712,-3,92,3,5309
1713,-3,93,0,5865
1714,0,93,0,5608
1715,-1,94,3,5797
1716,-1,93,0,5070
1717,-2,92,0,5678
1718,2,92,1,5211
1719,2,94,2,5697
1720,-2,93,4,5782
1721,-2,94,2,5964
1722,-3,93,1,5629
1723,-1,93,0,5695
1724,0,92,4,5657
1725,1,94,1,5638
1726,1,92,3,5447
1727,1,94,0,5304
1728,-2,94,0,5479
1729,2,93,4,5625
1730,0,94,2,5542
1731,1,93,0,5394
1732,-1,93,0,5294
1733,2,93,2,5991
1734,2,94,4,5221
1735,1,94,1,5373
1736,-2,92,4,5456
1737,-1,93,2,5827
1738,-3,93,2,5848
1739,1,92,1,5052
1740,-2,93,1,5503
1741,-1,92,4,5191
1742,2,93,4,5479
1743,-2,94,0,5241
1744,0,92,3,5525
1745,-2,93,1,5250
1746,-2,93,0,5396
1747,2,93,3,5042
1748,-3,92,3,5340
1749,1,92,2,5544
1750,2,92,1,5650
1751,0,92,2,5417
1752,-2,92,2,5268
1753,2,92,2,5269
1754,1,94,4,5256
1755,-3,93,4,5404
1756,2,93,3,5986
1757,-3,92,0,5348
1758,2,93,1,5027
1759,-3,93,4,5949
1760,-3,94,3,5054
1761,-3,93,1,5471
1762,-2,92,1,5578
1763,2,94,0,5631
1764,1,94,4,5535
1765,2,93,1,5167
1766,-3,93,0,5243
1767,2,93,4,5816
1768,2,93,1,5473
1769,-2,93,2,5922
1770,-2,93,1,5190
1771,0,94,1,5034
1772,2,92,4,5362
1773,1,92,2,5756
1774,-2,94,2,5533
1775,-1,94,3,5138
1776,2,93,1,5368
1777,1,92,4,5621
1778,2,93,2,5483
1779,-2,94,3,5300
1780,0,92,4,5110
1781,0,94,3,5074
1782,0,93,2,5649
1783,-1,93,4,5761
1784,-1,94,4,5769
1785,-3,92,1,5668
1786,0,93,1,5152
1787,1,94,0,5899
1788,-1,94,0,5832
1789,2,93,0,5187
1790,0,93,1,5092
1791,1,92,4,5338
1792,-1,92,2,5406
1793,0,92,0,5200
1794,-1,93,1,5500
1795,2,93,0,5888
1796,0,92,0,5110
1797,-3,93,2,5615
1798,2,93,4,5724
1799,-2,94,2,5933
1800,0,93,4,5626
1801,-2,94,4,5380
1802,2,94,1,5858
1803,-2,94,3,5720
1804,1,93,2,5406
1805,-1,92,4,5892
1806,0,94,0,5381
1807,-1,93,3,5796
1808,-1,93,4,5371
1809,-1,93,1,5538
1810,0,94,2,5961
1811,-1,92,1,5816
1812,1,93,1,5376
1813,1,92,1,5759
1814,1,92,0,5456
1815,1,92,2,5863
1816,2,94,0,5859
1817,-3,93,3,5661
1818,-1,92,1,5969
1819,-3,92,2,5130
1820,1,92,1,5521
1821,-3,93,3,5534
1822,1,93,3,5490
1823,2,93,1,5844
1824,-2,92,3,5031
1825,2,93,2,5872
1826,-1,93,4,5969
1827,1,92,0,5170
1828,1,93,3,5277
1829,-3,93,3,5301
1830,-3,94,1,5048
1831,0,93,1,5814
1832,-1,94,1,5895
1833,2,94,4,5429
1834,2,92,1,5995
1835,1,94,3,5540
1836,0,94,1,5972
1837,1,92,2,5798
1838,-1,94,0,5592
1839,-3,92,2,5304
1840,2,94,0,5490
1841,-1,93,0,5954
1842,-1,92,4,5374
1843,2,93,4,5533
1844,-3,94,0,5395
1845,1,94,1,5282
1846,-1,94,1,5046
1847,1,94,3,5201
1848,0,93,3,5637
1849,-2,94,4,5239
1850,2,93,1,5131
1851,-2,92,4,5111
1852,1,92,2,5074
1853,-3,93,4,5927
1854,1,93,4,5113
1855,-1,92,0,5744
1856,-1,94,2,5351
1857,-3,94,2,5962
1858,1,92,0,5068
1859,-1,92,4,5138
1860,2,93,3,5380
1861,-2,93,3,5948
1862,2,94,3,5479
1863,-1,92,2,5503
1864,-2,92,2,5851
1865,0,94,0,5757
1866,2,94,1,5546
1867,-3,92,1,5429
1868,1,92,1,5919
1869,1,93,2,5795
1870,-3,93,1,5031
1871,0,94,3,5759
1872,0,93,2,5641
1873,0,92,1,5428
1874,-3,94,0,5317
1875,1,94,3,5510
1876,0,94,0,5170
1877,2,94,3,5805
1878,2,92,2,5888
1879,1,92,4,5492
1880,-1,93,1,5184
1881,2,92,0,5558
1882,-2,93,1,5551
1883,-1,92,4,5245
1884,-3,92,3,5909
1885,-3,92,4,5435
1886,-1,94,0,5957
1887,1,93,1,5919
1888,1,93,4,5140
1889,-3,93,1,5255
1890,-2,93,4,5585
1891,-3,93,2,5209
1892,1,92,3,5872
1893,2,94,2,5145
1894,0,94,2,5437
1895,2,94,2,5729
1896,-3,93,1,5011
1897,-1,92,2,5355
1898,-2,92,3,5433
1899,1,93,0,5858
1900,-1,92,3,5177
1901,-1,93,2,5492
1902,2,94,2,5020
1903,0,92,1,5656
1904,1,93,2,5563
1905,0,94,3,5082
1906,-3,92,3,5413
1907,-3,93,3,5006
1908,2,92,3,5902
1909,-2,92,4,5172
1910,-3,92,3,5007
1911,2,93,0,5991
1912,-3,93,0,5655
1913,1,94,0,5268
1914,-2,93,4,5438
1915,2,92,1,5186
1916,2,94,1,5193
1917,-3,92,2,5024
1918,-2,92,1,5936
1919,-2,94,0,5423
1920,0,92,4,5177
1921,-3,92,4,5712
1922,-3,94,0,5900
1923,-1,93,1,5640
1924,-2,92,2,5564
1925,-3,93,0,5061
1926,-1,94,4,5856
1927,1,93,3,5357
1928,-3,93,2,5691
1929,1,93,3,5053
1930,1,94,1,5930
1931,-3,92,2,5508
1932,-1,92,2,5970
1933,-1,93,3,5237
1934,-3,94,2,5990
1935,0,93,1,5247
1936,0,94,0,5958
1937,-1,92,3,5730
1938,2,92,4,5480
1939,1,94,0,5378
1940,0,94,3,5464
1941,-2,94,1,5589
1942,-2,93,0,5342
1943,2,94,2,5513
1944,1,94,3,5485
1945,-3,94,3,5817
1946,-2,92,1,5927
1947,0,94,1,5251
1948,2,94,4,5312
1949,1,94,0,5329
1950,-3,93,4,5803
1951,2,94,2,5016
1952,0,93,1,5741
1953,1,93,4,5010
1954,-2,92,2,5691
1955,-1,92,4,5133
1956,1,92,4,5582
1957,-1,93,1,5055
1958,-1,92,4,5068
1959,-1,92,2,5581
1960,-2,94,4,5429
1961,0,94,1,5064
1962,1,93,2,5074
1963,0,92,3,5276
1964,-2,93,2,5080
1965,-2,94,3,5059
1966,1,93,0,5350
1967,1,93,0,5082
1968,2,93,0,5794
1969,-3,94,4,5578
1970,2,94,2,5929
1971,0,93,4,5775
1972,2,92,1,5256
1973,-1,94,2,5783
1974,0,94,4,5042
1975,1,92,2,5331
1976,1,92,4,5269
1977,1,93,3,5761
1978,-2,93,0,5723
1979,-3,92,4,5698
1980,-3,92,1,5874
1981,1,93,0,5916
1982,1,94,4,5838
1983,-3,94,2,5889
1984,1,93,2,5976
1985,0,92,4,5990
1986,-3,94,4,5646
1987,2,94,3,5235
1988,0,93,4,5787
1989,-3,94,3,5293
1990,-3,94,0,5997
1991,2,92,2,5300
1992,0,93,1,5836
1993,-3,93,0,5839
1994,-1,93,3,5256
1995,-3,94,3,5496
1996,2,92,2,5456
1997,-3,92,3,5759
1998,0,94,2,5828
1999,2,93,4,5135
2000,0,92,2,5637
2001,-1,93,3,5463
2002,1,92,4,5702
2003,0,93,0,5581
2004,1,94,2,5346
2005,-3,93,2,5210
2006,1,93,1,5451
2007,-3,92,3,5120
2008,-3,92,0,5009
2009,-1,94,0,5230
2010,-3,92,1,5240
2011,-2,94,0,5280
2012,-1,92,2,5358
2013,2,93,0,5340
2014,1,94,0,5099
2015,0,93,3,5478
2016,-1,93,4,5645
2017,-2,92,2,5605
2018,2,94,3,5332
2019,0,93,1,5067
2020,0,93,1,5505
2021,2,92,4,5336
2022,0,93,2,5557
2023,-3,92,0,5940
2024,-2,92,4,5861
2025,-2,92,2,5284
2026,-3,94,2,5043
2027,0,92,0,5535
2028,2,94,3,5637
2029,-1,93,4,5343
2030,1,92,4,5280
2031,-1,93,0,5445
2032,2,94,1,5417
2033,2,92,2,5452
2034,-3,93,0,5989
2035,-2,94,4,5165
2036,0,92,2,5675
2037,1,92,4,5285
2038,0,92,3,5865
2039,-2,94,0,5335
2040,2,93,4,5906
2041,-2,92,0,5084
2042,-3,94,0,5492
2043,-2,94,1,5303
2044,-1,93,0,5699
2045,-1,94,1,5613
2046,-1,94,2,5106
2047,-2,93,0,5713
2048,-1,92,3,5732
2049,-3,94,0,5714
2050,0,92,4,5335
2051,0,93,4,5808
2052,-2,94,2,5542
2053,1,92,2,5197
2054,1,93,4,5988
2055,2,93,3,5416
2056,1,93,3,5292
2057,1,92,1,5091
2058,2,93,4,5027
2059,-2,94,0,5595
2060,2,94,1,5403
2061,2,93,0,5371
2062,-2,93,2,5716
2063,-1,92,3,5017
2064,-2,94,2,5255
2065,-2,94,2,5800
2066,-3,94,3,5777
2067,2,93,3,5186
2068,-1,94,2,5922
2069,1,93,1,5082
2070,0,93,4,5145
2071,0,93,1,5674
2072,-3,92,0,5834
2073,2,93,1,5564
2074,2,94,4,5781
2075,-2,94,1,5232
2076,-2,93,4,5799
2077,0,92,1,5697
2078,-2,94,0,5011
2079,2,94,0,5378
2080,1,93,0,5903
2081,0,92,0,5342
2082,2,94,3,5824
2083,0,92,4,5720
2084,-1,94,3,5374
2085,-2,93,1,5790
2086,0,93,4,5827
2087,0,93,0,5937
2088,1,93,0,5988
2089,1,93,3,5450
2090,0,92,3,5031
2091,-2,93,0,5265
2092,-1,92,1,5463
2093,-2,93,1,5570
2094,1,92,1,5243
2095,2,93,4,5751
2096,-2,92,4,5625
2097,2,92,3,5655
2098,2,93,3,5762
2099,-2,94,1,5373
2100,1,92,3,5792
2101,-3,93,2,5126
2102,2,92,4,5586
2103,2,92,2,5905
2104,-3,93,4,5272
2105,-2,94,2,5394
2106,-3,93,0,5447
2107,2,92,4,5578
2108,-1,93,2,5476
2109,0,94,2,5707
2110,0,92,3,5868
2111,-2,92,0,5555
2112,2,92,2,5855
2113,-3,94,3,5963
2114,2,92,4,5882
2115,-3,93,1,5474
2116,-3,93,0,5941
2117,-2,94,4,5672
2118,-3,93,1,5590
2119,1,93,4,5654
2120,0,92,4,5093
2121,1,94,3,5943
2122,-3,92,1,5184
2123,0,92,4,5019
2124,-2,92,3,5623
2125,-3,93,1,5760
2126,0,94,0,5415
2127,-1,93,4,5621
2128,1,94,2,5183
2129,0,92,4,5203
2130,-2,94,4,5171
2131,-1,93,3,5592
2132,-3,92,4,5766
2133,2,92,2,5354
2134,-1,93,3,5352
2135,-1,94,0,5320
2136,1,94,3,5956
2137,-2,94,0,5510
2138,-1,93,4,5969
2139,1,92,3,5190
2140,-2,93,2,5875
2141,0,94,0,5739
2142,2,92,3,5689
2143,2,92,0,5333
2144,-2,93,2,5280
2145,2,94,2,5545
2146,2,93,2,5662
2147,1,92,4,5426
2148,-1,92,0,5495
2149,2,92,4,5064
2150,0,93,3,5789
2151,-2,94,0,5401
2152,0,92,3,5378
2153,1,93,3,5256
2154,-3,94,0,5154
2155,1,92,3,5024
2156,0,93,2,5786
2157,0,93,0,5115
2158,1,93,4,5059
2159,0,94,4,5878
2160,-3,94,0,5877
2161,1,93,2,5740
2162,-1,93,2,5791
2163,2,94,1,5944
2164,-1,92,3,5766
2165,-3,92,3,5911
2166,1,92,0,5161
2167,2,92,0,5391
2168,1,93,3,5102
2169,1,92,0,5030
2170,2,94,2,5739
2171,2,94,1,5789
2172,-2,93,0,5106
2173,-1,94,1,5567
2174,0,94,3,5432
2175,1,93,1,5966
2176,0,94,2,5265
2177,-1,94,3,5205
2178,2,94,4,5791
2179,-2,92,3,5698
2180,2,93,1,5564
2181,-2,93,2,5868
2182,1,94,0,5288
2183,2,93,1,5132
2184,-1,93,3,5369
2185,-3,93,3,5547
2186,-1,93,1,5700
2187,-1,93,0,5832
2188,2,94,0,5995
2189,-2,92,3,5820
2190,0,93,4,5912
2191,0,94,4,5199
2192,-2,92,1,5255
2193,-1,93,0,5816
2194,2,94,4,5416
2195,2,93,3,5828
2196,2,94,3,5558
2197,0,94,4,5718
2198,-3,93,0,5682
2199,-3,92,0,5596
2200,-1,94,1,5138
2201,2,93,2,5346
2202,1,94,0,5335
2203,2,94,3,5668
2204,-3,92,3,5672
2205,1,94,2,5296
2206,-3,94,3,5605
2207,2,92,2,5156
2208,-1,94,4,5791
2209,1,93,0,5563
2210,1,94,4,5713
2211,-1,93,1,5924
2212,0,93,3,5069
2213,0,94,4,5283
2214,1,93,2,5083
2215,-2,92,0,5773
2216,1,93,3,5502
2217,-3,93,3,5475
2218,2,92,1,5941
2219,-1,93,1,5771
2220,-2,92,3,5038
2221,-3,93,3,5921
2222,-1,94,1,5983
2223,-3,92,1,5161
2224,-2,93,3,5210
2225,0,94,2,5275
2226,2,92,1,5787
2227,-1,92,3,5359
2228,0,94,1,5480
2229,-3,92,4,5670
2230,0,94,4,5138
2231,0,93,2,5956
2232,-1,92,3,5202
2233,0,93,2,5673
2234,-3,93,4,5415
2235,2,92,3,5764
2236,1,94,4,5912
2237,2,92,0,5189
2238,-3,94,4,5214
2239,2,92,1,5443
2240,-3,94,4,5706
2241,-3,93,3,5579
2242,-2,93,3,5427
2243,1,92,1,5501
2244,-2,92,1,5175
2245,-3,93,0,5249
2246,-2,93,4,5002
2247,2,93,4,5509
2248,2,93,1,5521
2249,-3,92,3,5485
2250,-3,92,3,5288
2251,0,92,2,5775
2252,2,92,2,5162
2253,-3,94,1,5499
2254,1,94,0,5762
2255,0,94,3,5822
2256,2,93,1,5286
2257,2,92,2,5504
2258,-3,93,3,5183
2259,1,92,3,5305
2260,1,94,2,5732
2261,-1,93,3,5921
2262,-2,92,2,5597
2263,-1,94,0,5039
2264,0,92,4,5896
2265,0,92,0,5005
2266,-3,93,2,5891
2267,0,92,2,5795
2268,-2,94,2,5888
2269,-3,93,1,5987
2270,-3,92,3,5679
2271,0,93,0,5074
2272,1,93,3,5827
2273,0,93,4,5450
2274,1,94,3,5990
2275,-2,92,1,5186
2276,-2,92,1,5623
2277,2,93,3,5949
2278,1,94,0,5300
2279,-3,94,2,5413
2280,-3,94,2,5317
2281,2,93,1,5659
2282,2,92,1,5728
2283,2,92,1,5327
2284,2,92,4,5458
2285,2,94,1,5510
2286,-1,92,0,5774
2287,0,94,1,5568
2288,-2,92,3,5295
2289,2,94,3,5023
2290,0,92,4,5055
2291,-2,92,2,5160
2292,-1,93,0,5379
2293,-3,92,0,5161
2294,2,93,3,5129
2295,0,93,4,5842
2296,1,94,4,5292
2297,1,94,2,5532
2298,-1,94,4,5347
2299,-1,92,2,5462
2300,-2,94,4,5492
2301,1,94,3,5759
2302,-3,94,2,5906
2303,-3,93,1,5395
2304,0,92,1,5522
2305,1,94,0,5975
2306,2,92,1,5470
2307,0,92,4,5104
2308,-2,94,2,5103
2309,-2,93,3,5512
2310,2,94,2,5609
2311,-3,92,3,5975
2312,-2,94,1,5348
2313,-2,92,3,5533
2314,-3,93,0,5009
2315,-3,93,4,5709
2316,1,93,3,5440
2317,-1,92,3,5000
2318,-3,92,2,5495
2319,-2,92,4,5890
2320,1,94,4,5700
2321,0,92,1,5041
2322,1,92,1,5687
2323,-1,94,2,5939
2324,2,92,1,5773
2325,-2,94,0,5199
2326,2,94,1,5895
2327,-3,92,3,5282
2328,0,94,0,5601
2329,-1,93,2,5369
2330,-2,94,0,5441
2331,-2,93,1,5057
2332,1,92,1,5355
2333,-3,92,0,5988
2334,0,94,0,5842
2335,-1,94,1,5897
2336,2,93,3,5398
2337,-3,94,0,5530
2338,1,93,4,5946
2339,-1,93,3,5039
2340,0,94,4,5060
2341,1,93,0,5090
2342,1,94,2,5104
2343,-2,93,1,5097
2344,-1,93,3,5287
2345,-2,94,0,5602
2346,2,93,3,5654
2347,0,92,4,5200
2348,-3,94,4,5660
2349,1,92,3,5145
2350,-3,92,1,5997
2351,-3,93,0,5460
2352,0,93,1,5820
2353,2,92,2,5166
2354,0,92,0,5144
2355,-2,93,4,5742
2356,1,93,1,5439
2357,2,93,4,5002
2358,0,94,1,5629
2359,-3,92,4,5950
2360,1,93,2,5219
2361,0,94,2,5067
2362,0,93,2,5854
2363,1,93,2,5259
2364,-2,92,2,5718
2365,-3,93,2,5275
2366,-2,92,2,5895
2367,-2,92,1,5658
2368,2,94,0,5404
2369,0,92,1,5108
2370,1,94,1,5949
2371,-2,92,1,5083
2372,-2,93,4,5531
2373,-1,92,0,5502
2374,2,92,2,5146
2375,-1,93,2,5787
2376,-1,92,3,5837
2377,-3,92,0,5531
2378,-2,92,2,5817
2379,2,94,3,5821
2380,1,93,3,5520
2381,2,93,1,5874
2382,-3,94,0,5144
2383,-3,94,2,5586
2384,1,93,4,5719
2385,-1,92,4,5010
2386,1,94,2,5832
2387,-3,94,2,5617
2388,0,93,4,5257
2389,-2,93,0,5867
2390,-3,93,2,5412
2391,-1,94,0,5985
2392,-1,94,3,5906
2393,-1,92,3,5999
2394,2,92,2,5732
2395,-3,92,3,5673
2396,-2,93,2,5998
2397,-1,94,2,5298
2398,-3,93,3,5310
2399,-3,93,3,5608
2400,-3,92,4,5863
2401,-1,92,2,5520
2402,-1,93,1,5056
2403,-1,94,0,5330
2404,1,92,2,5498
2405,1,94,3,5449
2406,1,94,1,5940
2407,0,93,1,5880
2408,-2,93,0,5369
2409,-1,94,2,5717
2410,0,93,3,5730
2411,-1,93,3,5778
2412,-3,92,1,5301
2413,-3,92,1,5748
2414,2,94,0,5237
2415,1,93,3,5316
2416,-3,93,1,5181
2417,0,94,1,5980
2418,-3,93,1,5691
2419,-3,94,2,5581
2420,1,92,4,5090
2421,-2,92,1,5926
2422,0,93,4,5855
2423,0,93,0,5976
2424,2,94,2,5239
2425,-3,94,2,5255
2426,1,92,0,5203
2427,0,94,0,5623
2428,2,92,3,5419
2429,-3,93,3,5295
2430,-3,92,4,5950
2431,1,93,4,5404
2432,1,93,0,5699
2433,0,94,2,5193
2434,0,93,0,5817
2435,-1,94,1,5678
2436,2,93,1,5974
2437,2,93,3,5327
2438,-1,92,1,5334
2439,1,94,1,5701
2440,1,93,1,5004
2441,-1,93,1,5581
2442,-3,93,4,5642
2443,1,94,4,5798
2444,2,93,4,5615
2445,-3,93,0,5547
2446,-1,93,1,5482
2447,-1,94,2,5849
2448,-2,93,3,5190
2449,2,93,2,5459
2450,2,94,3,5613
2451,1,94,4,5200
2452,-2,94,3,5455
2453,-2,92,1,5931
2454,0,93,2,5729
2455,-3,92,0,5307
2456,1,93,2,5322
2457,-2,92,3,5316
2458,2,93,4,5156
2459,-2,93,0,5769
2460,0,93,2,5267
2461,-3,94,4,5759
2462,-3,94,1,5116
2463,0,94,1,5591
2464,1,93,4,5160
2465,0,93,4,5682
2466,-1,93,3,5264
2467,-1,92,3,5619
2468,0,94,4,5314
2469,-3,94,1,5409
2470,0,94,0,5513
2471,-1,94,0,5950
2472,1,92,2,5307
2473,1,94,0,5254
2474,2,92,4,5419
2475,-1,94,2,5226
2476,-1,92,0,5161
2477,-1,92,2,5203
2478,-3,92,2,5685
2479,1,92,4,5476
2480,-2,93,4,5531
2481,-1,92,0,5115
2482,0,93,0,5274
2483,-2,94,3,5049
2484,1,93,1,5168
2485,-3,92,0,5524
2486,0,92,2,5865
2487,1,92,4,5148
2488,1,94,2,5080
2489,1,94,3,5226
2490,-3,92,0,5426
2491,-2,94,1,5803
2492,2,94,0,5163
2493,-1,92,4,5305
2494,-1,93,2,5367
2495,-3,92,3,5320
2496,1,94,0,5144
2497,0,94,3,5655
2498,0,92,4,5650
2499,-3,93,4,5238
2500,-1,94,1,5033
2501,0,94,1,5418
2502,-1,94,3,5592
2503,0,93,1,5926
2504,1,94,2,5221
2505,-3,93,3,5112
2506,1,94,4,5107
2507,-2,94,0,5702
2508,2,93,1,5551
2509,-3,93,4,5395
2510,-3,92,2,5237
2511,-3,93,3,5490
2512,0,94,4,5039
2513,-2,93,2,5197
2514,-2,92,4,5875
2515,2,92,0,5467
2516,-2,93,4,5720
2517,-3,93,0,5826
2518,-1,94,0,5608
2519,1,94,1,5493
2520,-3,94,2,5579
2521,-1,94,1,5203
2522,-1,92,0,5222
2523,2,92,0,5498
2524,-2,93,2,5304
2525,-2,94,2,5528
2526,-3,93,0,5479
2527,1,93,1,5968
2528,1,94,4,5176
2529,-1,92,2,5730
2530,-3,94,3,5962
2531,0,93,4,5731
2532,-2,94,4,5007
2533,1,94,0,5506
2534,1,92,0,5289
2535,-3,93,3,5306
2536,2,92,1,5186
2537,-2,92,3,5751
2538,-2,93,0,5045
2539,0,93,4,5183
2540,2,94,2,5095
2541,-2,94,0,5405
2542,-2,92,3,5559
2543,-1,92,3,5690
2544,2,92,4,5672
2545,-2,94,3,5464
2546,2,93,3,5950
2547,-3,92,1,5956
2548,-2,94,2,5260
2549,-3,92,2,5757
2550,-3,93,4,5345
2551,-2,92,1,5996
2552,-3,94,1,5701
2553,2,94,1,5711
2554,1,92,4,5861
2555,-3,94,3,5588
2556,-1,93,2,5449
2557,-1,93,4,5454
2558,1,92,3,5414
2559,2,93,3,5107
2560,-2,93,3,5806
2561,-1,92,0,5317
2562,-3,94,4,5727
2563,1,94,0,5085
2564,-3,93,3,5145
2565,1,92,3,5865
2566,2,93,0,5372
2567,1,93,0,5711
2568,-3,94,2,5442
2569,2,94,2,5397
2570,1,94,1,5342
2571,-1,93,1,5801
2572,-1,92,3,5111
2573,2,92,1,5368
2574,-2,94,0,5748
2575,2,94,0,5724
2576,-1,93,4,5898
2577,1,94,0,5490
2578,-2,94,2,5097
2579,-3,94,0,5998
2580,0,94,3,5038
2581,0,94,4,5149
2582,-2,93,4,5754
2583,-1,92,2,5255
2584,-1,94,4,5876
2585,1,92,1,5964
2586,-3,92,4,5348
2587,0,93,2,5597
2588,1,93,3,5696
2589,-3,92,1,5617
2590,-3,94,2,5114
2591,-1,92,2,5098
2592,1,94,1,5408
2593,1,92,3,5593
2594,2,94,0,5510
2595,-2,93,3,5125
2596,1,93,4,5990
2597,-1,94,3,5912
2598,-3,94,4,5156
2599,-3,92,2,5707
2600,-3,92,4,5800
2601,-1,93,2,5061
2602,1,93,1,5751
2603,-2,94,3,5978
2604,1,94,4,5549
2605,-3,92,1,5880
2606,0,93,3,5839
2607,-2,94,0,5242
2608,-1,93,2,5571
2609,-3,92,3,5772
2610,-3,92,0,5158
2611,0,94,3,5446
2612,0,92,2,5055
2613,-1,92,0,5770
2614,-3,94,3,5670
2615,-2,92,3,5481
2616,-1,93,3,5373
2617,1,94,4,5017
2618,0,92,1,5094
2619,1,94,3,5957
2620,2,92,4,5574
2621,0,93,2,5653
2622,-2,92,1,5777
2623,1,93,3,5702
2624,-3,93,2,5671
2625,-1,93,3,5058
2626,-2,93,2,5279
2627,0,93,1,5421
2628,0,94,3,5539
2629,0,94,2,5634
2630,-2,94,1,5490
2631,-2,93,4,5346
2632,0,92,2,5889
2633,1,94,1,5050
2634,2,93,4,5021
2635,-1,92,3,5913
2636,-1,94,3,5472
2637,-3,94,0,5212
2638,2,94,3,5997
2639,0,94,3,5765
2640,-3,93,0,5781
2641,1,92,0,5029
2642,0,92,1,5544
2643,0,94,1,5963
2644,-3,94,1,5368
2645,-3,94,0,5840
2646,-2,94,1,5583
2647,-2,93,1,5202
2648,0,93,2,5526
2649,-2,92,1,5513
2650,0,93,1,5712
2651,0,93,3,5947
2652,1,94,1,5655
2653,-2,92,2,5172
2654,0,94,1,5349
2655,2,93,4,5040
2656,-2,93,3,5804
2657,2,92,0,5387
2658,0,93,4,5732
2659,-2,93,4,5961
2660,-1,94,0,5589
2661,1,92,4,5534
2662,2,94,3,5813
2663,-1,92,4,5024
2664,-3,94,4,5016
2665,0,94,2,5741
2666,-3,92,4,5265
2667,-1,94,4,5956
2668,2,92,4,5797
2669,0,94,2,5142
2670,2,94,3,5997
2671,-1,93,0,5992
2672,-3,92,4,5973
2673,1,94,3,5408
2674,2,93,1,5651
2675,-3,92,2,5849
2676,-3,92,2,5187
2677,-1,92,2,5022
2678,-3,92,0,5782
2679,0,92,0,5323
2680,0,93,4,5852
2681,-3,92,0,5341
2682,-3,92,4,5006
2683,2,93,3,5486
2684,-3,92,0,5772
2685,2,93,4,5655
2686,-2,94,3,5141
2687,2,94,1,5217
2688,1,92,3,5085
2689,-3,92,1,5979
2690,-2,93,1,5755
2691,-2,94,4,5657
2692,-1,93,1,5743
2693,-1,94,2,5420
2694,-2,94,4,5024
2695,1,92,3,5748
2696,-3,94,3,5504
2697,-2,92,2,5611
2698,2,92,4,5234
2699,1,94,4,5484
2700,1,94,0,5584
2701,-3,93,0,5783
2702,-2,92,1,5669
2703,0,92,3,5062
2704,1,92,4,5574
2705,2,92,4,5188
2706,0,93,1,5065
2707,-3,94,3,5270
2708,-1,94,2,5317
2709,1,92,4,5645
2710,-1,92,1,5496
2711,-1,94,1,5169
2712,2,94,2,5183
2713,2,93,0,5831
2714,1,92,2,5842
2715,2,92,2,5059
2716,-1,93,0,5161
2717,-3,94,4,5098
2718,-1,92,3,5996
2719,-2,94,0,5114
2720,1,93,4,5824
2721,1,92,0,5900
2722,0,93,4,5964
2723,1,94,2,5140
2724,-1,93,2,5172
2725,-2,92,1,5242
2726,2,92,3,5508
2727,2,93,1,5544
2728,-3,92,3,5423
2729,1,93,2,5075
2730,0,94,3,5275
2731,1,92,4,5692
2732,0,93,4,5363
2733,0,93,2,5155
2734,-2,93,1,5345
2735,2,92,2,5762
2736,-2,92,4,5690
2737,1,94,4,5111
2738,1,93,1,5572
2739,-1,92,4,5368
2740,1,93,0,5639
2741,-3,94,0,5820
2742,-3,93,4,5833
2743,1,92,1,5559
2744,2,93,3,5419
2745,0,92,0,5513
2746,-1,93,2,5596
2747,2,94,4,5254
2748,2,93,2,5707
2749,-2,93,1,5550
2750,2,94,2,5123
2751,-1,93,1,5814
2752,-1,94,2,5043
2753,2,94,0,5920
2754,0,94,1,5970
2755,1,93,2,5151
2756,1,93,3,5705
2757,0,94,4,5191
2758,0,93,2,5029
2759,-3,94,1,5282
2760,2,92,4,5415
2761,-3,94,3,5392
2762,1,92,1,5760
2763,2,94,3,5702
2764,-3,94,0,5692
2765,2,94,4,5714
2766,-1,93,4,5586
2767,-2,93,0,5456
2768,1,92,2,5164
2769,-2,93,1,5772
2770,2,93,2,5312
2771,-1,93,0,5062
2772,1,92,1,5734
2773,-1,92,2,5886
2774,-3,92,2,5610
2775,0,94,2,5054
2776,-2,92,3,5232
2777,1,92,0,5041
2778,1,93,3,5088
2779,2,94,2,5278
2780,1,93,2,5393
2781,1,92,2,5420
2782,-1,94,4,5888
2783,2,92,2,5223
2784,-1,94,2,5551
2785,0,94,0,5772
2786,2,92,2,5376
2787,-1,92,3,5406
2788,-3,92,3,5745
2789,-1,93,0,5056
2790,-2,94,0,5160
2791,-3,93,2,5518
2792,0,93,3,5657
2793,-3,93,1,5164
2794,-3,92,2,5980
2795,-3,92,1,5583
2796,2,93,1,5852
2797,2,94,4,5221
2798,-1,92,3,5170
2799,-1,94,1,5741
2800,-2,92,4,5949
2801,-1,93,4,5275
2802,0,93,3,5491
2803,2,94,1,5140
2804,-1,92,0,5423
2805,2,92,1,5940
2806,-1,94,2,5519
2807,1,92,4,5463
2808,2,93,4,5054
2809,-1,94,2,5200
2810,0,93,0,5221
2811,-1,92,1,5147
2812,2,93,0,5026
2813,-1,94,2,5357
2814,-2,94,3,5616
2815,-3,92,3,5249
2816,-3,94,2,5249
2817,-2,94,4,5280
2818,0,92,2,5524
2819,-1,93,2,5637
2820,0,93,2,5576
2821,0,94,2,5063
2822,-2,92,4,5092
2823,-3,92,2,5643
2824,1,94,1,5516
2825,-2,93,3,5708
2826,-2,94,2,5515
2827,2,92,2,5616
2828,-3,92,1,5900
2829,0,94,0,5654
2830,2,92,3,5852
2831,1,93,1,5025
2832,-3,94,2,5437
2833,1,92,2,5968
2834,-1,94,2,5703
2835,0,92,1,5632
2836,1,92,2,5419
2837,0,93,3,5768
2838,-3,94,3,5865
2839,-3,92,4,5971
2840,1,92,1,5890
2841,2,94,4,5841
2842,-3,94,1,5101
2843,-1,93,0,5232
2844,2,93,1,5010
2845,-2,93,4,5506
2846,-2,92,0,5159
2847,-3,92,0,5497
2848,1,94,1,5209
2849,-2,93,0,5970
2850,2,93,3,5990
2851,1,94,1,5231
2852,1,93,2,5629
2853,-1,93,4,5439
2854,0,94,0,5040
2855,0,92,2,5928
2856,-2,94,2,5802
2857,2,93,1,5005
2858,-1,94,1,5253
2859,0,93,2,5558
2860,-2,93,1,5540
2861,1,93,0,5791
2862,-2,93,0,5034
2863,-3,92,0,5470
2864,0,92,3,5271
2865,1,93,0,5057
2866,2,94,1,5035
2867,-2,94,4,5747
2868,2,94,1,5998
2869,-2,93,0,5141
2870,0,94,4,5490
2871,2,92,3,5234
2872,-3,94,4,5274
2873,-1,93,4,5087
2874,-1,93,0,5950
2875,-2,93,0,5451
2876,-3,93,1,5476
2877,-2,93,0,5332
2878,1,93,1,5855
2879,0,94,4,5461
2880,-1,94,4,5999
2881,0,93,2,5830
2882,0,93,4,5035
2883,-3,94,4,5033
2884,-2,94,4,5503
2885,1,94,2,5380
2886,2,92,0,5799
2887,1,94,0,5780
2888,-1,93,0,5119
2889,-2,92,4,5515
2890,-1,93,4,5411
2891,-1,92,1,5811
2892,2,94,1,5788
2893,-3,93,3,5858
2894,-2,94,3,5077
2895,-3,94,1,5184
2896,-1,92,3,5797
2897,-3,92,2,5454
2898,2,94,0,5301
2899,-3,92,3,5807
2900,-2,93,0,5567
2901,1,93,4,5689
2902,1,94,2,5210
2903,2,93,3,5592
2904,0,92,2,5430
2905,0,92,4,5289
2906,0,93,1,5682
2907,-1,92,2,5664
2908,-1,93,0,5388
2909,-2,93,4,5179
2910,-3,93,2,5609
2911,1,94,2,5445
2912,1,93,0,5100
2913,-2,92,1,5804
2914,1,94,4,5828
2915,-2,94,2,5408
2916,-1,92,3,5078
2917,1,93,0,5883
2918,-1,94,3,5580
2919,2,92,4,5781
2920,1,92,3,5592
2921,2,93,4,5485
2922,-1,94,3,5648
2923,1,92,3,5206
2924,-2,93,2,5771
2925,-3,93,4,5472
2926,2,92,2,5389
2927,-2,94,3,5604
2928,-1,94,2,5754
2929,2,92,3,5599
2930,-3,94,3,5315
2931,1,93,4,5904
2932,1,94,4,5038
2933,1,93,4,5498
2934,1,92,0,5364
2935,1,92,4,5883
2936,1,92,0,5893
2937,1,93,0,5245
2938,-3,93,0,5006
2939,0,93,3,5783
2940,0,92,0,5922
2941,-1,93,2,5598
2942,-2,93,2,5826
2943,0,93,0,5881
2944,-3,92,2,5368
2945,0,92,3,5589
2946,-1,94,3,5973
2947,-3,92,0,5403
2948,-1,92,3,5199
2949,0,92,1,5143
2950,1,94,0,5549
2951,0,93,1,5585
2952,-1,92,1,5804
2953,0,93,3,5178
2954,1,93,0,5016
2955,-1,92,0,5173
2956,-3,94,3,5238
2957,-2,94,2,5109
2958,-2,93,4,5501
2959,-2,93,1,5963
2960,-2,93,2,5012
2961,1,92,0,5184
2962,-1,93,2,5370
2963,0,93,0,5556
2964,-1,94,4,5825
2965,2,93,1,5868
2966,2,94,3,5226
2967,-2,94,2,5917
2968,-3,94,3,5565
2969,1,93,2,5562
2970,-3,94,0,5693
2971,-3,93,3,5909
2972,-2,94,3,5544
2973,1,94,4,5277
2974,1,92,4,5757
2975,2,93,2,5946
2976,-2,94,2,5376
2977,-2,93,0,5476
2978,2,93,0,5947
2979,-3,92,3,5254
2980,0,92,1,5188
2981,2,92,1,5292
2982,-1,92,1,5379
2983,-1,94,0,5457
2984,1,92,3,5218
2985,-3,92,4,5847
2986,2,94,4,5197
2987,2,94,1,5452
2988,-3,94,0,5002
2989,-1,92,3,5760
2990,-2,94,0,5347
2991,-1,93,2,5332
2992,1,94,2,5471
2993,-2,94,1,5590
2994,2,93,1,5709
2995,1,94,0,5541
2996,-2,92,2,5506
2997,1,93,1,5241
2998,2,94,4,5451
2999,-2,92,3,5014
3000,2,93,1,5447
3001,1,93,4,5093
3002,2,92,0,5146
3003,2,92,3,5068
3004,0,93,3,5690
3005,-3,93,1,5019
3006,2,94,4,5617
3007,0,93,4,5407
3008,-3,92,3,5315
3009,-2,93,0,5921
3010,2,93,3,5663
3011,0,92,2,5495
3012,-2,94,0,5606
3013,2,93,1,5047
3014,-2,94,4,5121
3015,-3,94,2,5084
3016,1,94,1,5743
3017,-3,94,2,5895
3018,1,92,1,5564
3019,2,92,4,5211
3020,0,92,3,5067
3021,2,92,1,5473
3022,-1,94,1,5143
3023,-3,94,3,5793
3024,1,93,0,5073
3025,1,92,3,5857
3026,2,92,0,5559
3027,-3,93,3,5048
3028,1,94,2,5339
3029,0,94,0,5376
3030,1,94,3,5433
3031,-1,92,1,5670
3032,-2,92,3,5754
3033,-1,93,0,5179
3034,-1,93,3,5009
3035,1,94,1,5413
3036,0,92,2,5188
3037,1,93,3,5735
3038,-3,94,3,5514
3039,0,93,4,5429
3040,-2,93,0,5948
3041,-2,93,1,5232
3042,-1,93,1,5287
3043,2,92,1,5141
3044,-2,92,4,5766
3045,-1,93,0,5612
3046,0,94,2,5826
3047,0,92,4,5074
3048,0,92,2,5383
3049,0,94,2,5820
3050,-3,92,2,5519
3051,0,93,2,5251
3052,0,93,0,5052
3053,-1,94,0,5174
3054,0,92,4,5866
3055,1,94,0,5472
3056,-3,94,1,5687
3057,2,92,0,5757
3058,0,92,0,5534
3059,1,94,4,5657
3060,-2,93,1,5949
3061,-3,93,2,5104
3062,0,92,2,5781
3063,-2,93,4,5482
3064,-1,94,1,5485
3065,-3,93,1,5665
3066,-3,93,0,5464
3067,1,94,4,5189
3068,-3,93,2,5605
3069,-2,93,3,5532
3070,2,94,3,5852
3071,-1,92,1,5823
3072,-1,93,0,5153
3073,2,94,2,5080
3074,-2,94,0,5907
3075,0,93,0,5740
3076,1,93,2,5533
3077,2,93,2,5029
3078,1,92,2,5714
3079,0,94,0,5484
3080,0,94,3,5117
3081,2,92,4,5558
3082,-1,92,4,5693
3083,-3,94,2,5512
3084,-1,94,1,5061
3085,-2,92,2,5936
3086,-1,94,0,5371
3087,-3,94,3,5744
3088,-1,94,1,5828
3089,2,92,1,5355
3090,2,92,4,5500
3091,-2,92,1,5749
3092,-3,92,1,5342
3093,1,94,0,5999
3094,1,92,1,5733
3095,-1,94,2,5870
3096,2,92,2,5934
3097,1,92,0,5728
3098,2,94,3,5285
3099,-1,92,1,5118
3100,2,92,1,5003
3101,-2,92,1,5696
3102,-1,93,2,5809
3103,-1,92,4,5572
3104,1,94,1,5011
3105,0,93,1,5019
3106,1,94,1,5765
3107,0,94,3,5732
3108,-3,92,2,5251
3109,-1,93,2,5194
3110,2,92,2,5061
3111,-1,93,1,5009
3112,0,94,0,5351
3113,0,92,2,5415
3114,1,92,3,5248
3115,0,92,3,5450
3116,1,92,1,5996
3117,-3,94,3,5024
3118,0,94,0,5891
3119,-1,94,0,5623
3120,-2,94,3,5195
3121,2,93,2,5435
3122,1,94,4,5060
3123,0,94,1,5043
3124,2,94,4,5032
3125,-1,93,2,5187
3126,2,92,4,5950
3127,1,94,2,5791
3128,2,93,1,5226
3129,0,93,1,5645
3130,-3,93,3,5929
3131,-3,93,2,5109
3132,-2,93,3,5810
3133,-1,93,3,5241
3134,-3,92,1,5148
3135,-1,92,2,5984
3136,-3,94,2,5710
3137,2,92,2,5395
3138,-3,92,4,5823
3139,0,92,1,5798
3140,-1,93,1,5843
3141,2,93,3,5670
3142,-1,92,4,5809
3143,-1,93,2,5586
3144,2,92,4,5751
3145,0,94,4,5039
3146,2,94,4,5094
3147,-3,94,2,5966
3148,-2,92,2,5442
3149,2,94,3,5194
3150,2,93,2,5183
3151,-3,93,4,5030
3152,1,93,3,5285
3153,-3,92,2,5623
3154,1,92,3,5721
3155,2,94,0,5270
3156,-2,92,3,5741
3157,2,92,4,5581
3158,2,94,3,5619
3159,1,93,1,5986
3160,-2,93,2,5420
3161,-1,93,3,5615
3162,1,94,2,5320
3163,-2,92,0,5074
3164,0,92,4,5944
3165,2,93,2,5294
3166,0,92,3,5598
3167,-1,92,0,5450
3168,0,92,4,5238
3169,-2,94,1,5019
3170,-1,94,3,5070
3171,-2,94,4,5779
3172,-3,92,1,5331
3173,-2,94,4,5337
3174,1,94,1,5247
3175,-1,92,4,5482
3176,2,93,3,5403
3177,0,92,3,5006
3178,2,93,2,5971
3179,-2,94,2,5879
3180,1,92,1,5247
3181,1,94,2,5087
3182,2,94,3,5502
3183,-1,93,0,5122
3184,-3,94,0,5845
3185,2,92,1,5407
3186,2,93,3,5301
3187,1,94,0,5751
3188,0,94,3,5234
3189,2,93,4,5437
3190,-1,94,2,5912
3191,-1,92,0,5907
3192,-3,94,1,5945
3193,1,92,3,5414
3194,1,94,1,5751
3195,0,92,1,5059
3196,0,92,2,5408
3197,-3,93,4,5833
3198,2,92,3,5421
3199,1,93,1,5489
3200,-2,93,3,5124
3201,1,92,0,5308
3202,1,92,2,5801
3203,-1,92,0,5475
3204,-1,92,1,5906
3205,2,94,0,5143
3206,2,94,4,5407
3207,-1,92,1,5728
3208,0,93,4,5772
3209,1,94,3,5574
3210,-2,92,0,5524
3211,1,92,2,5043
3212,1,92,3,5310
3213,-2,94,0,5808
3214,1,92,1,5717
3215,0,92,3,5654
3216,-2,92,2,5228
3217,-3,93,4,5734
3218,0,94,3,5464
3219,1,92,1,5966
3220,-2,94,2,5215
3221,0,92,3,5384
3222,-2,94,1,5644
3223,-3,92,0,5088
3224,1,94,4,5472
3225,-1,92,0,5883
3226,1,94,0,5530
3227,-1,93,2,5255
3228,-2,93,3,5639
3229,2,93,0,5028
3230,0,93,3,5302
3231,2,93,1,5961
3232,-2,93,1,5257
3233,-2,94,0,5990
3234,2,92,3,5266
3235,-3,92,2,5780
3236,-1,94,4,5087
3237,1,92,3,5793
3238,-3,94,1,5952
3239,2,92,0,5985
3240,2,92,3,5387
3241,1,94,1,5876
3242,-3,94,1,5339
3243,-1,92,1,5866
3244,-1,92,0,5529
3245,2,92,0,5665
3246,0,92,4,5969
3247,-2,94,0,5111
3248,1,94,3,5249
3249,-3,92,4,5017
3250,-3,92,3,5562
3251,0,92,0,5515
3252,-3,92,1,5008
3253,-1,93,0,5987
3254,-2,92,2,5807
3255,0,93,1,5314
3256,1,92,3,5015
3257,0,92,2,5841
3258,-3,94,1,5426
3259,-1,94,4,5697
3260,1,94,1,5034
3261,1,93,4,5039
3262,-3,92,0,5430
3263,-2,93,4,5281
3264,-2,93,2,5219
3265,2,92,1,5329
3266,1,93,4,5393
3267,-1,92,3,5581
3268,-2,93,1,5759
3269,1,92,0,5253
3270,1,94,3,5989
3271,-3,94,3,5778
3272,-3,94,4,5730
3273,0,92,4,5016
3274,-1,93,0,5646
3275,0,94,0,5958
3276,-2,92,3,5001
3277,2,92,2,5627
3278,0,92,1,5929
3279,1,94,0,5241
3280,-1,94,4,5397
3281,1,92,0,5319
3282,-3,93,1,5809
3283,-2,93,2,5215
3284,-3,93,2,5934
3285,-2,94,1,5968
3286,-2,92,2,5219
3287,2,94,0,5369
3288,-1,92,0,5988
3289,-1,92,3,5539
3290,2,92,1,5914
3291,-3,93,2,5075
3292,-3,92,1,5752
3293,-2,93,4,5236
3294,-3,94,0,5718
3295,-3,92,4,5730
3296,0,92,2,5672
3297,1,93,3,5308
3298,0,92,1,5337
3299,0,94,4,5915
3300,-2,94,1,5845
3301,2,93,0,5534
3302,2,93,0,5867
3303,2,93,0,5056
3304,-3,92,3,5872
3305,-2,94,0,5715
3306,-3,94,0,5595
3307,-3,94,4,5629
3308,-1,92,4,5056
3309,2,94,3,5795
3310,-1,92,4,5552
3311,-1,92,2,5749
3312,-2,94,4,5678
3313,-3,92,3,5680
3314,-3,94,3,5545
3315,2,93,4,5555
3316,-3,94,3,5074
3317,-1,94,0,5671
3318,2,93,0,5849
3319,0,93,4,5331
3320,1,92,4,5915
3321,1,92,3,5666
3322,1,93,2,5353
3323,2,93,0,5656
3324,0,92,2,5439
3325,1,92,1,5103
3326,-3,92,4,5480
3327,-3,93,1,5663
3328,-3,93,3,5369
3329,-3,94,2,5478
3330,2,92,2,5699
3331,-1,94,0,5943
3332,2,93,4,5820
3333,-2,94,0,5074
3334,1,94,3,5311
3335,2,93,2,5120
3336,-1,94,1,5032
3337,-2,94,0,5435
3338,-3,93,2,5682
3339,2,93,3,5950
3340,-1,93,4,5028
3341,0,93,0,5554
3342,-2,94,4,5830
3343,1,94,0,5259
3344,-1,94,0,5610
3345,-2,92,0,5544
3346,2,92,3,5461
3347,1,94,3,5711
3348,1,93,0,5819
3349,-1,92,2,5033
3350,-2,92,2,5643
3351,1,93,0,5331
3352,-1,93,4,5477
3353,-1,94,3,5749
3354,-1,93,2,5346
3355,2,94,0,5223
3356,2,93,4,5730
3357,1,94,4,5578
3358,-2,92,0,5709
3359,0,93,2,5158
3360,-3,93,2,5524
3361,-2,94,0,5927
3362,2,92,0,5111
3363,-2,93,2,5215
3364,-2,93,4,5821
3365,2,93,1,5791
3366,-3,92,4,5149
3367,0,94,3,5930
3368,-2,94,3,5503
3369,0,93,2,5545
3370,2,93,2,5676
3371,0,94,1,5891
3372,-1,93,2,5106
3373,2,93,2,5969
3374,2,92,3,5855
3375,-1,93,3,5726
3376,0,92,0,5725
3377,1,92,1,5835
3378,1,93,3,5158
3379,-1,92,2,5404
3380,0,94,3,5051
3381,-3,94,1,5445
3382,-3,93,1,5082
3383,-2,92,0,5337
3384,0,93,3,5598
3385,2,94,3,5531
3386,-3,92,2,5349
3387,2,92,0,5238
3388,-2,93,3,5640
3389,2,93,1,5807
3390,2,92,3,5413
3391,1,94,1,5180
3392,-2,93,0,5335
3393,0,92,2,5186
3394,1,92,4,5595
3395,1,94,1,5747
3396,-2,93,3,5134
3397,2,94,2,5849
3398,-3,94,1,5633
3399,0,94,2,5866
3400,-3,92,4,5676
3401,2,92,2,5975
3402,-2,92,3,5483
3403,1,92,0,5612
3404,-2,93,2,5856
3405,1,94,4,5796
3406,-2,94,1,5383
3407,-1,92,2,5636
3408,-2,93,1,5949
3409,0,94,3,5653
3410,-3,93,2,5262
3411,2,93,4,5072
3412,-3,94,3,5293
3413,-1,92,4,5307
3414,0,92,3,5382
3415,2,94,4,5264
3416,-1,93,3,5601
3417,-3,92,0,5717
3418,2,92,3,5972
3419,0,93,4,5110
3420,-2,94,2,5511
3421,0,92,2,5092
3422,2,94,1,5728
3423,-2,92,1,5611
3424,-2,94,0,5625
3425,2,93,0,5141
3426,-3,93,2,5652
3427,2,93,0,5625
3428,0,92,1,5368
3429,-3,93,3,5825
3430,0,94,1,5763
3431,0,94,0,5546
3432,-3,93,0,5426
3433,-2,94,1,5724
3434,-3,92,4,5128
3435,-1,92,0,5205
3436,2,94,2,5723
3437,0,93,1,5339
3438,-1,93,2,5147
3439,2,93,1,5191
3440,-1,94,1,5017
3441,2,94,1,5648
3442,0,94,3,5526
3443,1,93,1,5567
3444,1,92,0,5481
3445,-1,94,0,5290
3446,1,94,4,5205
3447,1,93,3,5310
3448,-1,92,4,5703
3449,0,92,1,5340
3450,1,94,2,5015
3451,-1,94,3,5118
3452,0,93,4,5309
3453,-3,93,4,5688
3454,-2,93,4,5366
3455,1,92,0,5982
3456,-3,92,0,5631
3457,1,94,0,5285
3458,-1,92,4,5514
3459,0,94,2,5756
3460,2,94,0,5402
3461,2,93,0,5151
3462,-2,94,3,5916
3463,2,92,3,5920
3464,-3,92,3,5845
3465,-1,92,1,5315
3466,2,94,4,5800
3467,-3,94,3,5920
3468,-2,92,2,5792
3469,-3,92,4,5523
3470,2,94,1,5132
3471,0,94,4,5495
3472,-2,94,3,5121
3473,0,94,1,5812
3474,0,92,4,5294
3475,-1,92,3,5456
3476,1,94,3,5137
3477,1,94,4,5153
3478,-3,93,1,5412
3479,0,92,0,5688
3480,-2,92,3,5912
3481,-1,92,1,5287
3482,0,92,1,5011
3483,-2,93,2,5765
3484,-1,94,0,5185
3485,0,94,2,5668
3486,2,94,0,5555
3487,0,94,3,5108
3488,-1,94,2,5341
3489,-1,92,3,5192
3490,-1,92,1,5586
3491,2,94,4,5709
3492,0,93,2,5621
3493,-2,92,3,5816
3494,-3,93,0,5658
3495,-2,94,2,5440
3496,-3,94,2,5838
3497,-3,94,1,5008
3498,0,94,3,5466
3499,0,93,2,5347
3500,-1,94,2,5994
3501,-2,94,0,5977
3502,-2,92,4,5167
3503,1,93,4,5371
3504,0,92,4,5606
3505,1,92,1,5362
3506,2,92,0,5804
3507,-2,92,2,5435
3508,0,94,1,5555
3509,-1,93,1,5338
3510,-2,93,0,5961
3511,2,92,1,5364
3512,-2,92,4,5739
3513,1,93,3,5051
3514,2,94,1,5988
3515,-1,92,4,5367
3516,-2,94,2,5813
3517,-1,92,1,5183
3518,-3,94,3,5061
3519,2,92,2,5671
3520,2,93,3,5277
3521,2,94,2,5048
3522,1,93,1,5639
3523,2,92,2,5162
3524,-1,92,3,5099
3525,-1,94,4,5260
3526,2,93,1,5032
3527,-1,92,2,5466
3528,0,92,0,5107
3529,-2,92,1,5697
3530,-2,92,4,5146
3531,-2,92,3,5002
3532,2,93,0,5441
3533,-3,92,2,5626
3534,2,92,0,5191
3535,0,93,3,5324
3536,-2,92,0,5538
3537,1,92,4,5636
3538,-1,93,4,5005
3539,-2,93,0,5378
3540,-2,94,4,5389
3541,-2,93,3,5239
3542,0,93,1,5077
3543,2,92,2,5156
3544,-3,94,2,5462
3545,-2,92,1,5080
3546,0,93,3,5019
3547,0,94,1,5400
3548,-1,92,3,5615
3549,-2,92,3,5509
3550,1,94,0,5557
3551,-2,93,3,5820
3552,-1,94,3,5667
3553,-1,92,4,5993
3554,1,92,3,5276
3555,-2,93,1,5485
3556,-1,93,0,5018
3557,-1,94,3,5922
3558,-2,93,4,5883
3559,2,93,4,5614
3560,2,92,4,5427
3561,-3,93,3,5320
3562,-1,92,2,5188
3563,-2,93,1,5536
3564,-2,94,3,5551
3565,2,94,3,5375
3566,-2,94,4,5729
3567,1,93,0,5082
3568,-2,92,2,5446
3569,2,93,3,5821
3570,-3,92,3,5292
3571,-3,94,2,5131
3572,2,93,2,5532
3573,-3,94,0,5018
3574,-2,94,1,5486
3575,1,92,2,5291
3576,2,94,1,5707
3577,2,92,1,5145
3578,2,93,0,5464
3579,0,94,1,5781
3580,2,92,2,5199
3581,2,92,0,5746
3582,2,93,4,5146
3583,1,93,0,5160
3584,-3,93,2,5302
3585,2,94,1,5709
3586,-3,92,0,5033
3587,2,94,3,5915
3588,2,92,3,5895
3589,-1,93,4,5416
3590,-3,94,3,5785
3591,-3,92,1,5019
3592,-2,92,0,5904
3593,-3,94,4,5309
3594,0,94,4,5532
3595,1,92,3,5884
3596,0,92,0,5380
3597,1,93,1,5408
3598,1,94,0,5551
3599,-1,92,2,5440
3600,1,94,3,5707
3601,0,94,3,5579
3602,2,94,2,5364
3603,-2,93,0,5617
3604,-1,92,0,5210
3605,1,92,0,5123
3606,-3,93,4,5460
3607,0,94,2,5031
3608,-2,92,0,5841
3609,-1,93,0,5625
3610,-2,94,4,5825
3611,0,94,2,5366
3612,-3,92,3,5325
3613,-3,93,3,5620
3614,-3,93,4,5004
3615,-1,92,1,5903
3616,2,94,1,5642
3617,-1,94,4,5768
3618,-2,93,4,5175
3619,0,92,2,5233
3620,-1,92,1,5811
3621,-2,93,4,5188
3622,-3,92,3,5020
3623,-2,92,2,5926
3624,-1,94,0,5469
3625,-2,93,4,5517
3626,-3,92,3,5988
3627,-3,93,0,5221
3628,-1,92,1,5877
3629,-1,93,1,5852
3630,0,93,4,5196
3631,0,92,1,5056
3632,0,92,3,5251
3633,0,93,4,5179
3634,-2,94,3,5531
3635,-3,94,1,5966
3636,1,93,1,5374
3637,1,94,3,5703
3638,-2,92,3,5275
3639,0,93,4,5066
3640,-1,93,4,5108
3641,-2,92,2,5171
3642,-2,92,0,5454
3643,-3,93,2,5580
3644,-3,94,2,5533
3645,2,94,3,5107
3646,-2,94,0,5933
3647,1,92,0,5312
3648,-2,94,0,5220
3649,-3,94,2,5201
3650,-1,93,1,5469
3651,2,92,3,5939
3652,-1,94,4,5518
3653,0,92,2,5633
3654,-3,93,2,5253
3655,-3,94,3,5181
3656,-3,92,2,5961
3657,-1,94,2,5797
3658,-1,93,4,5029
3659,-1,93,2,5090
3660,-1,93,3,5060
3661,0,92,2,5131
3662,-1,94,1,5512
3663,-3,93,3,5650
3664,2,92,1,5845
3665,-2,92,2,5283
3666,-2,94,3,5397
3667,1,92,3,5966
3668,1,94,0,5075
3669,1,92,3,5666
3670,0,93,1,5728
3671,2,94,0,5674
3672,-1,94,1,5450
3673,0,92,4,5296
3674,-2,93,1,5022
3675,-3,93,1,5281
3676,-1,93,3,5959
3677,-3,93,2,5096
3678,0,94,4,5396
3679,-1,94,3,5843
3680,1,94,3,5308
3681,-1,93,3,5152
3682,0,94,1,5960
3683,-3,94,4,5084
3684,2,92,2,5677
3685,0,94,2,5348
3686,0,94,4,5152
3687,-3,94,4,5826
3688,-1,92,0,5510
3689,-3,93,1,5047
3690,0,94,3,5718
3691,-2,93,2,5006
3692,-1,93,0,5966
3693,2,94,4,5536
3694,0,92,4,5998
3695,0,94,4,5689
3696,-1,92,4,5603
3697,-1,92,4,5805
3698,-1,94,2,5153
3699,1,93,1,5290
3700,-1,93,3,5537
3701,-1,93,0,5559
3702,-2,93,4,5936
3703,-1,92,3,5919
3704,-3,94,0,5291
3705,2,92,1,5107
3706,-3,94,1,5796
3707,-3,93,1,5907
3708,0,94,2,5320
3709,-1,94,4,5671
3710,2,94,4,5245
3711,2,94,0,5054
3712,-3,92,2,5281
3713,1,93,3,5525
3714,0,93,4,5388
3715,-1,92,1,5117
3716,-3,94,3,5908
3717,0,94,4,5104
3718,-3,92,0,5994
3719,-3,93,2,5544
3720,-2,94,2,5989
3721,2,92,3,5259
3722,0,92,1,5872
3723,1,94,2,5270
3724,1,93,0,5286
3725,2,94,2,5333
3726,-3,93,0,5193
3727,0,92,3,5602
3728,-3,94,4,5802
3729,-3,92,2,5993
3730,-3,93,2,5136
3731,-3,92,3,5935
3732,0,93,2,5434
3733,0,93,4,5443
3734,1,94,0,5627
3735,1,93,1,5798
3736,2,93,2,5782
3737,-3,92,2,5474
3738,-1,92,4,5457
3739,2,92,4,5264
3740,-1,93,4,5411
3741,-2,92,2,5238
3742,1,93,1,5612
3743,-2,92,2,5952
3744,-1,92,2,5416
3745,-3,92,1,5719
3746,-2,92,0,5525
3747,-1,93,2,5072
3748,1,92,3,5101
3749,1,92,4,5502
3750,-2,92,4,5230
3751,2,92,4,5197
3752,2,93,4,5260
3753,0,93,1,5492
3754,1,94,0,5357
3755,2,92,1,5022
3756,-3,92,2,5395
3757,2,93,1,5292
3758,-1,93,0,5764
3759,-1,93,3,5592
3760,-2,93,1,5375
3761,0,94,0,5515
3762,2,94,1,5857
3763,0,93,4,5672
3764,0,94,0,5054
3765,0,93,0,5098
3766,-1,93,3,5067
3767,2,92,0,5315
3768,2,94,3,5869
3769,-2,93,1,5087
3770,-1,93,2,5606
3771,-1,94,1,5385
3772,0,94,0,5711
3773,-1,94,4,5497
3774,-3,93,2,5012
3775,-2,93,4,5447
3776,-3,93,0,5563
3777,-2,92,4,5461
3778,-2,93,2,5153
3779,-3,93,1,5163
3780,2,94,2,5905
3781,1,93,3,5932
3782,-2,92,1,5890
3783,0,92,0,5718
3784,-1,94,0,5609
3785,1,92,4,5879
3786,0,92,3,5324
3787,-3,93,1,5172
3788,0,92,1,5040
3789,-2,92,3,5001
3790,-2,93,3,5904
3791,0,93,0,5368
3792,-1,93,0,5309
3793,1,94,4,5164
3794,1,93,2,5810
3795,0,93,4,5029
3796,1,92,1,5762
3797,0,94,1,5217
3798,2,92,4,5508
3799,2,94,2,5553
3800,-3,92,0,5817
3801,-2,93,3,5217
3802,-3,92,0,5824
3803,-2,93,0,5514
3804,-2,92,2,5058
3805,2,93,0,5555
3806,-2,94,0,5503
3807,-1,92,2,5686
3808,1,92,1,5662
3809,1,92,3,5874
3810,2,92,2,5581
3811,-3,93,0,5451
3812,-1,93,1,5151
3813,0,94,3,5091
3814,1,94,2,5483
3815,0,92,3,5584
3816,2,94,2,5517
3817,2,92,4,5260
3818,-2,94,1,5566
3819,-2,93,2,5045
3820,-1,94,4,5913
3821,2,92,3,5007
3822,1,93,4,5323
3823,2,93,4,5247
3824,-2,93,4,5986
3825,2,93,4,5129
3826,2,93,1,5997
3827,-2,92,3,5365
3828,-1,92,2,5466
3829,2,93,1,5549
3830,-1,93,3,5658
3831,-1,94,0,5388
3832,2,92,4,5337
3833,1,93,1,5444
3834,-1,92,2,5060
3835,-2,93,4,5871
3836,2,94,2,5731
3837,-1,93,0,5216
3838,-1,92,3,5485
3839,-2,93,0,5314
3840,-3,93,0,5219
3841,2,94,4,5314
3842,-2,93,0,5703
3843,2,94,2,5720
3844,0,94,0,5815
3845,2,94,4,5393
3846,-2,93,0,5789
3847,1,94,3,5722
3848,2,94,3,5928
3849,2,92,1,5200
3850,0,94,3,5833
3851,-1,93,2,5382
3852,2,92,0,5387
3853,1,92,1,5115
3854,2,93,0,5960
3855,0,94,2,5199
3856,2,92,1,5375
3857,-1,94,3,5697
3858,2,93,4,5955
3859,-1,92,4,5330
3860,-1,94,0,5911
3861,1,93,4,5580
3862,-3,94,1,5442
3863,2,93,1,5255
3864,-3,92,1,5669
3865,-1,94,1,5576
3866,2,92,3,5675
3867,-1,92,4,5244
3868,-1,94,1,5737
3869,-3,92,2,5887
3870,0,93,0,5227
3871,-1,94,2,5577
3872,-2,94,3,5684
3873,-3,94,3,5563
3874,1,94,0,5912
3875,-2,94,0,5248
3876,-1,93,4,5253
3877,0,93,4,5215
3878,-3,93,3,5162
3879,-3,92,0,5971
3880,0,93,1,5908
3881,-2,93,1,5929
3882,1,93,3,5363
3883,2,94,3,5885
3884,1,94,1,5609
3885,0,94,1,5735
3886,1,92,0,5798
3887,-1,94,0,5955
3888,1,93,4,5346
3889,1,94,2,5313
3890,-3,94,2,5542
3891,-1,94,0,5288
3892,-1,92,4,5262
3893,-3,92,3,5680
3894,-3,93,4,5603
3895,-1,92,1,5951
3896,-1,94,2,5104
3897,2,94,2,5296
3898,-2,93,4,5763
3899,-3,93,3,5098
3900,-3,94,2,5264
3901,-3,94,3,5720
3902,-3,94,4,5172
3903,0,94,2,5461
3904,1,94,1,5965
3905,-1,92,1,5206
3906,-2,94,2,5259
3907,0,94,2,5730
3908,0,92,4,5397
3909,1,93,3,5930
3910,-2,92,2,5825
3911,1,93,4,5703
3912,0,92,3,5521
3913,-1,92,0,5250
3914,0,92,4,5279
3915,-3,93,4,5239
3916,2,94,2,5808
3917,-3,93,3,5640
3918,-2,92,1,5520
3919,1,93,1,5888
3920,-2,93,4,5316
3921,-2,92,0,5301
3922,-2,94,1,5152
3923,-3,93,4,5289
3924,-3,92,4,5946
3925,0,93,4,5228
3926,-1,92,1,5483
3927,-1,92,2,5943
3928,2,94,3,5894
3929,1,93,4,5134
3930,0,93,4,5584
3931,-3,94,1,5831
3932,-2,92,1,5629
3933,0,93,4,5749
3934,1,94,4,5617
3935,0,92,3,5170
3936,0,94,4,5935
3937,-1,94,3,5227
3938,-2,92,2,5690
3939,-3,92,0,5371
3940,-2,94,0,5220
3941,2,94,1,5713
3942,-1,92,0,5758
3943,-2,94,3,5531
3944,-1,93,1,5102
3945,0,93,2,5396
3946,-1,94,1,5813
3947,1,93,4,5540
3948,-3,93,0,5982
3949,1,94,0,5912
3950,-3,92,2,5755
3951,-3,92,3,5710
3952,1,92,3,5538
3953,2,93,3,5806
3954,-3,93,4,5317
3955,2,93,4,5743
3956,-3,93,0,5993
3957,-2,94,3,5453
3958,2,94,0,5521
3959,-3,94,2,5984
3960,-1,92,2,5956
3961,1,94,1,5362
3962,-1,93,3,5580
3963,-3,93,3,5813
3964,-3,93,1,5448
3965,-3,92,2,5452
3966,2,94,2,5470
3967,-2,93,0,5742
3968,1,93,3,5686
3969,2,92,4,5926
3970,-1,94,2,5247
3971,-2,94,4,5142
3972,-1,93,2,5835
3973,2,94,1,5394
3974,0,93,2,5989
3975,-1,92,3,5259
3976,-3,93,2,5023
3977,1,92,2,5076
3978,2,93,1,5534
3979,1,93,4,5056
3980,-3,93,2,5102
3981,0,92,4,5296
3982,-1,92,2,5965
3983,1,92,1,5454
3984,2,94,2,5177
3985,0,93,1,5391
3986,1,93,3,5212
3987,-3,92,0,5379
3988,-2,94,0,5457
3989,-3,93,2,5369
3990,-2,93,0,5030
3991,-3,94,2,5793
3992,1,93,2,5873
3993,-2,94,0,5900
3994,-3,94,4,5074
3995,-3,93,3,5645
3996,1,92,0,5304
3997,-2,93,4,5110
3998,-2,93,1,5301
3999,1,92,0,5016
4000,-1,93,0,5209
4001,-3,94,3,5036
4002,2,94,2,5298
4003,-2,94,0,5131
4004,-1,92,2,5537
4005,-3,93,2,5776
4006,-2,94,4,5450
4007,0,92,2,5195
4008,-1,93,0,5662
4009,0,94,4,5050
4010,-1,94,2,5038
4011,-1,94,0,5215
4012,-2,93,4,5238
4013,-2,93,3,5975
4014,-3,93,1,5769
4015,2,93,2,5728
4016,-3,92,1,5548
4017,2,93,2,5532
4018,-1,94,2,5426
4019,0,93,3,5224
4020,-2,94,3,5653
4021,2,92,2,5900
4022,2,92,1,5171
4023,-1,93,3,5033
4024,2,93,1,5708
4025,0,92,4,5538
4026,0,93,3,5103
4027,0,94,0,5662
4028,-2,93,3,5427
4029,2,92,3,5036
4030,0,93,2,5613
4031,-2,94,2,5443
4032,-2,92,4,5222
4033,1,93,0,5965
4034,-3,93,3,5115
4035,2,94,2,5961
4036,-3,92,4,5389
4037,0,94,4,5496
4038,-1,93,1,5206
4039,-1,93,0,5127
4040,-1,94,3,5490
4041,-1,92,3,5695
4042,0,94,0,5599
4043,-2,93,3,5494
4044,1,94,2,5878
4045,-1,93,0,5053
4046,1,93,0,5447
4047,-1,94,1,5581
4048,0,93,3,5070
4049,0,93,0,5750
4050,1,94,0,5966
4051,2,94,2,5553
4052,0,92,4,5985
4053,2,94,2,5276
4054,-1,94,4,5150
4055,0,94,0,5859
4056,-1,94,1,5608
4057,-3,92,0,5108
4058,1,93,2,5510
4059,-3,94,0,5185
4060,2,92,1,5900
4061,1,94,3,5623
4062,-3,92,2,5196
4063,0,92,4,5811
4064,1,93,0,5968
4065,-3,93,0,5805
4066,0,92,4,5129
4067,-3,92,4,5509
4068,-3,94,3,5192
4069,0,93,0,5046
4070,-1,92,0,5760
4071,1,94,3,5636
4072,2,94,0,5128
4073,1,93,2,5499
4074,-3,92,0,5009
4075,1,92,1,5099
4076,1,92,4,5889
4077,0,94,4,5876
4078,-2,93,1,5170
4079,-3,92,3,5199
4080,1,92,1,5864
4081,0,94,0,5513
4082,0,94,2,5177
4083,1,94,4,5934
4084,2,92,2,5796
4085,0,94,0,5384
4086,2,92,3,5062
4087,-1,94,1,5546
4088,-2,94,0,5169
4089,-1,93,4,5172
4090,1,93,2,5868
4091,-1,93,2,5713
4092,0,94,1,5721
4093,-2,94,1,5065
4094,0,92,0,5985
4095,1,92,1,5227
4096,0,94,2,5446
4097,2,93,1,5694
4098,0,94,4,5513
4099,-1,93,1,5818
4100,-3,93,1,5349
4101,-3,94,3,5261
4102,1,94,2,5914
4103,-3,92,3,5856
4104,0,94,4,5681
4105,0,92,4,5030
4106,-3,92,1,5841
4107,2,94,2,5540
4108,-3,92,0,5918
4109,-1,94,0,5085
4110,2,94,3,5548
4111,-3,94,0,5686
4112,1,92,0,5975
4113,-3,93,0,5250
4114,-2,93,1,5853
4115,-3,94,0,5545
4116,-3,93,0,5083
4117,-1,92,1,5361
4118,0,94,2,5760
